#VRML V2.0 utf8
# 3D model generated by easyeda2kicad.py (https://github.com/uPesy/easyeda2kicad.py)

Shape{
    appearance Appearance {
        material  Material 	{
            diffuseColor 0.6666666666666666 0.6666666666666666 0.6666666666666666
            specularColor 0.4666666666666667 0.4666666666666667 0.4666666666666667
            ambientIntensity 0.6667
            transparency 0.0
            shininess 0.5
        }
    }
    geometry IndexedFaceSet {
        ccw TRUE
        solid FALSE
        coord DEF co Coordinate {
            point [
                -1.5748 -1.5606 1.6726, -1.1811 -1.5606 1.6726, -1.1811 -1.4943 1.6903, -1.5748 -1.4943 1.6903, -1.1811 -1.426 1.6963, -1.5748 -1.426 1.6963, -1.5748 -2.2379 1.4261, -1.1811 -2.2379 1.4261, -1.5748 -2.4706 1.4671, -1.1811 -2.4706 1.4671, -1.5748 -2.4296 1.4395, -1.1811 -2.4296 1.4395, -1.5748 -2.3838 1.421, -1.1811 -2.3838 1.421, -1.5748 -2.3352 1.4124, -1.1811 -2.3352 1.4124, -1.5748 -2.2858 1.4141, -1.1811 -2.2858 1.4141, -1.5748 -2.7438 1.6963, -1.1811 -2.7438 1.6963, -1.5748 -2.8197 1.6059, -1.1811 -2.8197 1.6059, -1.5748 -2.5465 1.3766, -1.1811 -2.5465 1.3766, -1.5748 -2.1975 1.3151, -1.1811 -2.1975 1.3151, -1.1811 -2.2572 1.2991, -1.5748 -2.2572 1.2991, -1.1811 -2.3187 1.2937, -1.5748 -2.3187 1.2937, -1.1811 -2.3802 1.2991, -1.5748 -2.3802 1.2991, -1.1811 -2.4399 1.3151, -1.5748 -2.4399 1.3151, -1.1811 -2.4959 1.3412, -1.5748 -2.4959 1.3412, -1.5748 -1.5202 1.5616, -1.1811 -1.5202 1.5616, -1.5748 -1.426 1.5782, -1.1811 -1.426 1.5782, -1.5748 -1.4738 1.574, -1.1811 -1.4738 1.574, -1.1811 -0.2723 1.5782, -1.1811 -0.2723 1.6963, -1.5748 -0.2723 1.6963, -1.5748 -0.2723 1.5782, -0.5905 -1.5606 1.6726, -0.1968 -1.5606 1.6726, -0.1968 -1.4943 1.6903, -0.5905 -1.4943 1.6903, -0.1968 -1.426 1.6963, -0.5905 -1.426 1.6963, -0.5905 -2.2379 1.4261, -0.1968 -2.2379 1.4261, -0.5905 -2.4706 1.4671, -0.1968 -2.4706 1.4671, -0.5905 -2.4296 1.4395, -0.1968 -2.4296 1.4395, -0.5905 -2.3838 1.421, -0.1968 -2.3838 1.421, -0.5905 -2.3352 1.4124, -0.1968 -2.3352 1.4124, -0.5905 -2.2858 1.4141, -0.1968 -2.2858 1.4141, -0.5905 -2.7438 1.6963, -0.1968 -2.7438 1.6963, -0.5905 -2.8197 1.6059, -0.1968 -2.8197 1.6059, -0.5905 -2.5465 1.3766, -0.1968 -2.5465 1.3766, -0.5905 -2.1975 1.3151, -0.1968 -2.1975 1.3151, -0.1968 -2.2572 1.2991, -0.5905 -2.2572 1.2991, -0.1968 -2.3187 1.2937, -0.5905 -2.3187 1.2937, -0.1968 -2.3802 1.2991, -0.5905 -2.3802 1.2991, -0.1968 -2.4399 1.3151, -0.5905 -2.4399 1.3151, -0.1968 -2.4959 1.3412, -0.5905 -2.4959 1.3412, -0.5905 -1.5202 1.5616, -0.1968 -1.5202 1.5616, -0.5905 -1.426 1.5782, -0.1968 -1.426 1.5782, -0.5905 -1.4738 1.574, -0.1968 -1.4738 1.574, -0.1968 -0.2723 1.5782, -0.1968 -0.2723 1.6963, -0.5905 -0.2723 1.6963, -0.5905 -0.2723 1.5782, 0.5906 -1.5202 1.5616, 0.1969 -1.5202 1.5616, 0.5906 -1.4738 1.574, 0.1969 -1.4738 1.574, 0.5906 -1.426 1.5782, 0.1969 -1.426 1.5782, 0.5906 -2.1975 1.3151, 0.1969 -2.1975 1.3151, 0.5906 -2.5465 1.3766, 0.1969 -2.5465 1.3766, 0.1969 -2.4959 1.3412, 0.5906 -2.4959 1.3412, 0.1969 -2.4399 1.3151, 0.5906 -2.4399 1.3151, 0.1969 -2.3802 1.2991, 0.5906 -2.3802 1.2991, 0.1969 -2.3187 1.2937, 0.5906 -2.3187 1.2937, 0.1969 -2.2572 1.2991, 0.5906 -2.2572 1.2991, 0.5906 -2.8197 1.6059, 0.1969 -2.8197 1.6059, 0.5906 -2.7438 1.6963, 0.1969 -2.7438 1.6963, 0.5906 -2.4706 1.4671, 0.1969 -2.4706 1.4671, 0.5906 -2.2379 1.4261, 0.1969 -2.2379 1.4261, 0.5906 -2.2858 1.4141, 0.1969 -2.2858 1.4141, 0.5906 -2.3352 1.4124, 0.1969 -2.3352 1.4124, 0.5906 -2.3838 1.421, 0.1969 -2.3838 1.421, 0.5906 -2.4296 1.4395, 0.1969 -2.4296 1.4395, 0.5906 -1.5606 1.6726, 0.1969 -1.5606 1.6726, 0.5906 -1.426 1.6963, 0.1969 -1.426 1.6963, 0.1969 -1.4943 1.6903, 0.5906 -1.4943 1.6903, 0.1969 -0.2723 1.6963, 0.1969 -0.2723 1.5782, 0.5906 -0.2723 1.6963, 0.5906 -0.2723 1.5782, 1.5748 -1.5202 1.5616, 1.1811 -1.5202 1.5616, 1.5748 -1.4738 1.574, 1.1811 -1.4738 1.574, 1.5748 -1.426 1.5782, 1.1811 -1.426 1.5782, 1.5748 -2.1975 1.3151, 1.1811 -2.1975 1.3151, 1.5748 -2.5465 1.3766, 1.1811 -2.5465 1.3766, 1.1811 -2.4959 1.3412, 1.5748 -2.4959 1.3412, 1.1811 -2.4399 1.3151, 1.5748 -2.4399 1.3151, 1.1811 -2.3802 1.2991, 1.5748 -2.3802 1.2991, 1.1811 -2.3187 1.2937, 1.5748 -2.3187 1.2937, 1.1811 -2.2572 1.2991, 1.5748 -2.2572 1.2991, 1.5748 -2.8197 1.6059, 1.1811 -2.8197 1.6059, 1.5748 -2.7438 1.6963, 1.1811 -2.7438 1.6963, 1.5748 -2.4706 1.4671, 1.1811 -2.4706 1.4671, 1.5748 -2.2379 1.4261, 1.1811 -2.2379 1.4261, 1.5748 -2.2858 1.4141, 1.1811 -2.2858 1.4141, 1.5748 -2.3352 1.4124, 1.1811 -2.3352 1.4124, 1.5748 -2.3838 1.421, 1.1811 -2.3838 1.421, 1.5748 -2.4296 1.4395, 1.1811 -2.4296 1.4395, 1.5748 -1.5606 1.6726, 1.1811 -1.5606 1.6726, 1.5748 -1.426 1.6963, 1.1811 -1.426 1.6963, 1.1811 -1.4943 1.6903, 1.5748 -1.4943 1.6903, 1.1811 -0.2723 1.6963, 1.1811 -0.2723 1.5782, 1.5748 -0.2723 1.6963, 1.5748 -0.2723 1.5782
            ]
        }
        coordIndex [
            0,1,2,-1,0,2,3,-1,3,2,4,-1,3,4,5,-1,0,6,1,-1,1,6,7,-1,8,9,10,-1,10,9,11,-1,10,11,12,-1,12,11,13,-1,12,13,14,-1,14,13,15,-1,14,15,16,-1,16,15,17,-1,16,17,6,-1,6,17,7,-1,8,18,9,-1,9,18,19,-1,18,20,19,-1,19,20,21,-1,20,22,21,-1,21,22,23,-1,24,25,26,-1,24,26,27,-1,27,26,28,-1,27,28,29,-1,29,28,30,-1,29,30,31,-1,31,30,32,-1,31,32,33,-1,33,32,34,-1,33,34,35,-1,35,34,23,-1,35,23,22,-1,24,36,25,-1,25,36,37,-1,38,39,40,-1,40,39,41,-1,40,41,36,-1,36,41,37,-1,19,21,9,-1,9,21,23,-1,9,23,11,-1,11,23,34,-1,11,34,13,-1,42,43,39,-1,39,43,4,-1,39,4,41,-1,41,4,2,-1,41,2,37,-1,37,2,1,-1,37,1,25,-1,25,1,7,-1,25,7,26,-1,26,7,17,-1,26,17,28,-1,28,17,15,-1,28,15,30,-1,30,15,13,-1,30,13,32,-1,32,13,34,-1,4,43,5,-1,5,43,44,-1,39,38,42,-1,42,38,45,-1,20,18,22,-1,22,18,8,-1,22,8,35,-1,35,8,10,-1,35,10,33,-1,33,10,12,-1,33,12,31,-1,31,12,14,-1,44,45,5,-1,5,45,38,-1,5,38,3,-1,3,38,40,-1,3,40,0,-1,0,40,36,-1,0,36,6,-1,6,36,24,-1,6,24,16,-1,16,24,27,-1,16,27,14,-1,14,27,29,-1,14,29,31,-1,43,42,44,-1,44,42,45,-1,46,47,48,-1,46,48,49,-1,49,48,50,-1,49,50,51,-1,46,52,47,-1,47,52,53,-1,54,55,56,-1,56,55,57,-1,56,57,58,-1,58,57,59,-1,58,59,60,-1,60,59,61,-1,60,61,62,-1,62,61,63,-1,62,63,52,-1,52,63,53,-1,54,64,55,-1,55,64,65,-1,64,66,65,-1,65,66,67,-1,66,68,67,-1,67,68,69,-1,70,71,72,-1,70,72,73,-1,73,72,74,-1,73,74,75,-1,75,74,76,-1,75,76,77,-1,77,76,78,-1,77,78,79,-1,79,78,80,-1,79,80,81,-1,81,80,69,-1,81,69,68,-1,70,82,71,-1,71,82,83,-1,84,85,86,-1,86,85,87,-1,86,87,82,-1,82,87,83,-1,65,67,55,-1,55,67,69,-1,55,69,57,-1,57,69,80,-1,57,80,59,-1,88,89,85,-1,85,89,50,-1,85,50,87,-1,87,50,48,-1,87,48,83,-1,83,48,47,-1,83,47,71,-1,71,47,53,-1,71,53,72,-1,72,53,63,-1,72,63,74,-1,74,63,61,-1,74,61,76,-1,76,61,59,-1,76,59,78,-1,78,59,80,-1,50,89,51,-1,51,89,90,-1,85,84,88,-1,88,84,91,-1,66,64,68,-1,68,64,54,-1,68,54,81,-1,81,54,56,-1,81,56,79,-1,79,56,58,-1,79,58,77,-1,77,58,60,-1,90,91,51,-1,51,91,84,-1,51,84,49,-1,49,84,86,-1,49,86,46,-1,46,86,82,-1,46,82,52,-1,52,82,70,-1,52,70,62,-1,62,70,73,-1,62,73,60,-1,60,73,75,-1,60,75,77,-1,89,88,90,-1,90,88,91,-1,92,93,94,-1,94,93,95,-1,94,95,96,-1,96,95,97,-1,92,98,93,-1,93,98,99,-1,100,101,102,-1,100,102,103,-1,103,102,104,-1,103,104,105,-1,105,104,106,-1,105,106,107,-1,107,106,108,-1,107,108,109,-1,109,108,110,-1,109,110,111,-1,111,110,99,-1,111,99,98,-1,100,112,101,-1,101,112,113,-1,112,114,113,-1,113,114,115,-1,114,116,115,-1,115,116,117,-1,118,119,120,-1,120,119,121,-1,120,121,122,-1,122,121,123,-1,122,123,124,-1,124,123,125,-1,124,125,126,-1,126,125,127,-1,126,127,116,-1,116,127,117,-1,118,128,119,-1,119,128,129,-1,130,131,132,-1,130,132,133,-1,133,132,129,-1,133,129,128,-1,113,115,101,-1,101,115,117,-1,101,117,102,-1,102,117,127,-1,102,127,104,-1,104,127,125,-1,104,125,106,-1,106,125,123,-1,134,135,131,-1,131,135,97,-1,131,97,132,-1,132,97,95,-1,132,95,129,-1,129,95,93,-1,129,93,119,-1,119,93,99,-1,119,99,121,-1,121,99,110,-1,121,110,123,-1,123,110,108,-1,123,108,106,-1,130,136,131,-1,131,136,134,-1,96,97,137,-1,137,97,135,-1,114,112,116,-1,116,112,100,-1,116,100,126,-1,126,100,103,-1,126,103,124,-1,137,136,96,-1,96,136,130,-1,96,130,94,-1,94,130,133,-1,94,133,92,-1,92,133,128,-1,92,128,98,-1,98,128,118,-1,98,118,111,-1,111,118,120,-1,111,120,109,-1,109,120,122,-1,109,122,107,-1,107,122,124,-1,107,124,105,-1,105,124,103,-1,135,134,137,-1,137,134,136,-1,138,139,140,-1,140,139,141,-1,140,141,142,-1,142,141,143,-1,138,144,139,-1,139,144,145,-1,146,147,148,-1,146,148,149,-1,149,148,150,-1,149,150,151,-1,151,150,152,-1,151,152,153,-1,153,152,154,-1,153,154,155,-1,155,154,156,-1,155,156,157,-1,157,156,145,-1,157,145,144,-1,146,158,147,-1,147,158,159,-1,158,160,159,-1,159,160,161,-1,160,162,161,-1,161,162,163,-1,164,165,166,-1,166,165,167,-1,166,167,168,-1,168,167,169,-1,168,169,170,-1,170,169,171,-1,170,171,172,-1,172,171,173,-1,172,173,162,-1,162,173,163,-1,164,174,165,-1,165,174,175,-1,176,177,178,-1,176,178,179,-1,179,178,175,-1,179,175,174,-1,159,161,147,-1,147,161,163,-1,147,163,148,-1,148,163,173,-1,148,173,150,-1,150,173,171,-1,150,171,152,-1,152,171,169,-1,180,181,177,-1,177,181,143,-1,177,143,178,-1,178,143,141,-1,178,141,175,-1,175,141,139,-1,175,139,165,-1,165,139,145,-1,165,145,167,-1,167,145,156,-1,167,156,169,-1,169,156,154,-1,169,154,152,-1,176,182,177,-1,177,182,180,-1,142,143,183,-1,183,143,181,-1,160,158,162,-1,162,158,146,-1,162,146,172,-1,172,146,149,-1,172,149,170,-1,183,182,142,-1,142,182,176,-1,142,176,140,-1,140,176,179,-1,140,179,138,-1,138,179,174,-1,138,174,144,-1,144,174,164,-1,144,164,157,-1,157,164,166,-1,157,166,155,-1,155,166,168,-1,155,168,153,-1,153,168,170,-1,153,170,151,-1,151,170,149,-1,182,183,180,-1,180,183,181,-1,
        ]
    }
}
Shape{
    appearance Appearance {
        material  Material 	{
            diffuseColor 0.7019607843137254 0.7019607843137254 0.7019607843137254
            specularColor 0.050980392156862744 0.050980392156862744 0.050980392156862744
            ambientIntensity 1.0
            transparency 0.0
            shininess 0.5
        }
    }
    geometry IndexedFaceSet {
        ccw TRUE
        solid FALSE
        coord DEF co Coordinate {
            point [
                2.3819 -2.0126 0.6066, -2.3819 -2.0126 0.6066, 2.3819 -1.6189 0.6066, -2.3819 -1.6189 0.6066, 2.4023 -1.6189 0.6093, 2.4023 -2.0126 0.6093, 2.4213 -1.6189 0.6172, 2.4213 -2.0126 0.6172, 2.4376 -1.6189 0.6297, 2.4376 -2.0126 0.6297, 2.4501 -1.6189 0.646, 2.4501 -2.0126 0.646, 2.458 -1.6189 0.665, 2.458 -2.0126 0.665, 2.4606 -1.6189 0.6854, 2.4606 -2.0126 0.6854, 2.4606 -2.0126 1.1184, 2.4606 -1.6189 1.1184, 2.3622 -2.0126 1.1184, 2.3622 -1.6189 1.1184, 2.3622 -2.0126 2.1027, 2.3622 -1.6189 2.1027, 2.4606 -2.0126 2.1027, 2.4606 -1.6189 2.1027, 2.4606 -2.0126 2.5358, 2.4606 -1.6189 2.5358, 2.458 -1.6189 2.5561, 2.458 -2.0126 2.5561, 2.4501 -1.6189 2.5751, 2.4501 -2.0126 2.5751, 2.4376 -1.6189 2.5914, 2.4376 -2.0126 2.5914, 2.4213 -1.6189 2.604, 2.4213 -2.0126 2.604, 2.4023 -1.6189 2.6118, 2.4023 -2.0126 2.6118, 2.3819 -1.6189 2.6145, 2.3819 -2.0126 2.6145, 1.8898 -2.0126 2.6145, 1.8898 -1.6189 2.6145, 1.8898 -2.0126 2.5751, 1.8898 -1.6189 2.5751, -1.8898 -2.0126 2.5751, -1.8898 -1.6189 2.5751, -1.8898 -2.0126 2.6145, -1.8898 -1.6189 2.6145, -2.3819 -2.0126 2.6145, -2.3819 -1.6189 2.6145, -2.4023 -1.6189 2.6118, -2.4023 -2.0126 2.6118, -2.4212 -1.6189 2.604, -2.4212 -2.0126 2.604, -2.4376 -1.6189 2.5914, -2.4376 -2.0126 2.5914, -2.4501 -1.6189 2.5751, -2.4501 -2.0126 2.5751, -2.4579 -1.6189 2.5561, -2.4579 -2.0126 2.5561, -2.4606 -1.6189 2.5358, -2.4606 -2.0126 2.5358, -2.4606 -2.0126 2.1027, -2.4606 -1.6189 2.1027, -2.3622 -2.0126 2.1027, -2.3622 -1.6189 2.1027, -2.3622 -2.0126 1.1184, -2.3622 -1.6189 1.1184, -2.4606 -2.0126 1.1184, -2.4606 -1.6189 1.1184, -2.4606 -2.0126 0.6854, -2.4606 -1.6189 0.6854, -2.4579 -1.6189 0.665, -2.4579 -2.0126 0.665, -2.4501 -1.6189 0.646, -2.4501 -2.0126 0.646, -2.4376 -1.6189 0.6297, -2.4376 -2.0126 0.6297, -2.4212 -1.6189 0.6172, -2.4212 -2.0126 0.6172, -2.4023 -1.6189 0.6093, -2.4023 -2.0126 0.6093, 1.1614 -2.0126 1.5782, 0.6102 -2.0126 1.5782, 1.5945 -2.0126 1.6963, 1.1614 -2.0126 1.6963, 1.5945 -2.0126 1.5782, -0.1772 -2.0126 1.5782, -0.1772 -2.0126 1.6963, -0.6102 -2.0126 1.6963, -1.1614 -2.0126 1.6963, -1.5945 -2.0126 1.6963, -1.1614 -2.0126 1.5782, -1.5945 -2.0126 1.5782, -0.6102 -2.0126 1.5782, 0.1772 -2.0126 1.5782, 0.1772 -2.0126 1.6963, 0.6102 -2.0126 1.6963, 2.185 -2.0126 1.5782, -2.185 -2.0126 1.5782, -2.185 -2.0126 2.0507, -2.1743 -2.0126 2.1322, 2.185 -2.0126 2.0507, 2.1743 -2.0126 2.1322, 1.9516 -2.0126 2.3549, 2.0276 -2.0126 2.3234, 2.0928 -2.0126 2.2734, 2.1429 -2.0126 2.2081, -2.0275 -2.0126 2.3234, -2.0928 -2.0126 2.2734, -2.1428 -2.0126 2.2081, -1.9516 -2.0126 2.3549, -1.8701 -2.0126 2.3656, 1.8701 -2.0126 2.3656, -2.185 -4.5063 1.5782, -2.185 -4.5063 2.0507, -1.1614 -2.8197 1.5782, -0.6102 -2.8197 1.5782, -1.5945 -2.8197 1.5782, -2.0866 -4.6768 1.5782, 2.0866 -4.6768 1.5782, -0.1772 -2.8197 1.5782, 0.1772 -2.8197 1.5782, 0.6102 -2.8197 1.5782, 2.185 -4.5063 1.5782, 1.5945 -2.8197 1.5782, 1.1614 -2.8197 1.5782, 2.185 -4.5063 2.0507, -1.8701 -4.5063 2.3656, 1.8701 -4.5063 2.3656, -1.9882 -4.8472 2.1688, -1.9882 -4.8472 1.6766, 1.9882 -4.8472 2.1688, 1.9882 -4.8472 1.6766, 2.1824 -4.5109 2.0918, 2.1743 -4.5249 2.1322, 2.1611 -4.5478 2.1712, 2.1429 -4.5794 2.2081, 2.12 -4.619 2.2424, 2.0928 -4.6661 2.2734, 2.0276 -4.5794 2.3234, 2.0618 -4.619 2.3005, 1.9112 -4.5109 2.3629, 1.9516 -4.5249 2.3549, 1.9906 -4.5478 2.3416, -1.9112 -4.5109 2.3629, -1.9516 -4.5249 2.3549, -1.9906 -4.5478 2.3416, -2.0275 -4.5794 2.3234, -2.0618 -4.619 2.3005, -2.0928 -4.6661 2.2734, -2.1428 -4.5794 2.2081, -2.1199 -4.619 2.2424, -2.1823 -4.5109 2.0918, -2.1743 -4.5249 2.1322, -2.1611 -4.5478 2.1712, 0.6102 -2.8197 1.6963, 0.1772 -2.8197 1.6963, 1.5945 -2.8197 1.6963, 1.1614 -2.8197 1.6963, -1.5945 -2.8197 1.6963, -1.1614 -2.8197 1.6963, -0.6102 -2.8197 1.6963, -0.1772 -2.8197 1.6963
            ]
        }
        coordIndex [
            0,1,2,-1,2,1,3,-1,0,2,4,-1,0,4,5,-1,5,4,6,-1,5,6,7,-1,7,6,8,-1,7,8,9,-1,9,8,10,-1,9,10,11,-1,11,10,12,-1,11,12,13,-1,13,12,14,-1,13,14,15,-1,16,15,17,-1,17,15,14,-1,18,16,19,-1,19,16,17,-1,20,18,21,-1,21,18,19,-1,22,20,23,-1,23,20,21,-1,24,22,25,-1,25,22,23,-1,24,25,26,-1,24,26,27,-1,27,26,28,-1,27,28,29,-1,29,28,30,-1,29,30,31,-1,31,30,32,-1,31,32,33,-1,33,32,34,-1,33,34,35,-1,35,34,36,-1,35,36,37,-1,38,37,39,-1,39,37,36,-1,40,38,41,-1,41,38,39,-1,42,40,43,-1,43,40,41,-1,44,42,45,-1,45,42,43,-1,46,44,47,-1,47,44,45,-1,46,47,48,-1,46,48,49,-1,49,48,50,-1,49,50,51,-1,51,50,52,-1,51,52,53,-1,53,52,54,-1,53,54,55,-1,55,54,56,-1,55,56,57,-1,57,56,58,-1,57,58,59,-1,60,59,61,-1,61,59,58,-1,62,60,63,-1,63,60,61,-1,64,62,65,-1,65,62,63,-1,66,64,67,-1,67,64,65,-1,68,66,69,-1,69,66,67,-1,68,69,70,-1,68,70,71,-1,71,70,72,-1,71,72,73,-1,73,72,74,-1,73,74,75,-1,75,74,76,-1,75,76,77,-1,77,76,78,-1,77,78,79,-1,79,78,3,-1,79,3,1,-1,80,81,1,-1,18,1,0,-1,59,60,62,-1,82,83,84,-1,84,83,80,-1,40,20,22,-1,85,86,87,-1,88,89,90,-1,90,89,91,-1,7,9,11,-1,16,18,15,-1,15,18,0,-1,15,0,13,-1,87,92,85,-1,85,92,1,-1,85,1,93,-1,93,1,81,-1,93,81,94,-1,94,81,95,-1,22,24,40,-1,40,24,37,-1,40,37,38,-1,13,0,11,-1,11,0,5,-1,11,5,7,-1,80,1,84,-1,84,1,18,-1,84,18,96,-1,57,59,46,-1,46,59,62,-1,46,62,44,-1,44,62,42,-1,29,31,33,-1,97,68,91,-1,91,68,71,-1,71,73,91,-1,91,73,75,-1,91,75,77,-1,92,90,1,-1,1,90,91,-1,1,91,79,-1,79,91,77,-1,46,49,51,-1,24,27,37,-1,37,27,29,-1,37,29,35,-1,35,29,33,-1,51,53,46,-1,46,53,55,-1,46,55,57,-1,66,68,64,-1,64,68,97,-1,64,97,62,-1,62,97,98,-1,62,98,99,-1,96,18,100,-1,100,18,20,-1,100,20,101,-1,102,103,40,-1,40,103,104,-1,40,104,20,-1,20,104,105,-1,20,105,101,-1,106,42,107,-1,107,42,62,-1,107,62,108,-1,108,62,99,-1,106,109,42,-1,42,109,110,-1,42,110,40,-1,40,110,111,-1,40,111,102,-1,47,45,43,-1,65,2,3,-1,25,23,21,-1,76,74,72,-1,67,65,69,-1,69,65,3,-1,69,3,70,-1,41,21,19,-1,65,63,43,-1,70,3,72,-1,72,3,78,-1,72,78,76,-1,26,25,36,-1,36,25,21,-1,36,21,39,-1,39,21,41,-1,63,61,43,-1,43,61,58,-1,43,58,47,-1,47,58,56,-1,47,56,54,-1,43,41,65,-1,65,41,19,-1,65,19,2,-1,2,19,17,-1,2,17,14,-1,36,34,32,-1,54,52,47,-1,47,52,50,-1,47,50,48,-1,10,8,6,-1,32,30,36,-1,36,30,28,-1,36,28,26,-1,14,12,2,-1,2,12,10,-1,2,10,4,-1,4,10,6,-1,97,112,98,-1,98,112,113,-1,90,92,114,-1,114,92,115,-1,97,91,112,-1,112,91,116,-1,112,116,117,-1,117,116,114,-1,117,114,118,-1,118,114,115,-1,85,93,119,-1,119,93,120,-1,121,122,120,-1,120,122,118,-1,120,118,119,-1,119,118,115,-1,84,96,123,-1,123,96,122,-1,123,122,124,-1,124,122,121,-1,124,121,80,-1,80,121,81,-1,100,125,96,-1,96,125,122,-1,110,126,111,-1,111,126,127,-1,128,129,130,-1,130,129,131,-1,125,100,132,-1,132,100,101,-1,132,101,133,-1,133,101,134,-1,134,101,105,-1,134,105,135,-1,135,105,136,-1,136,105,104,-1,136,104,137,-1,103,138,104,-1,104,138,139,-1,104,139,137,-1,102,111,127,-1,127,140,102,-1,102,140,141,-1,102,141,103,-1,103,141,142,-1,103,142,138,-1,126,110,143,-1,143,110,109,-1,143,109,144,-1,144,109,145,-1,145,109,106,-1,145,106,146,-1,146,106,147,-1,147,106,107,-1,147,107,148,-1,108,149,107,-1,107,149,150,-1,107,150,148,-1,99,98,113,-1,113,151,99,-1,99,151,152,-1,99,152,108,-1,108,152,153,-1,108,153,149,-1,147,148,128,-1,146,147,126,-1,127,139,138,-1,130,137,128,-1,128,137,139,-1,128,139,147,-1,147,139,127,-1,147,127,126,-1,138,142,127,-1,127,142,141,-1,127,141,140,-1,143,144,126,-1,126,144,145,-1,126,145,146,-1,118,122,131,-1,131,122,125,-1,137,130,136,-1,136,130,131,-1,136,131,135,-1,135,131,134,-1,125,132,131,-1,131,132,133,-1,131,133,134,-1,128,148,129,-1,129,148,150,-1,150,149,129,-1,129,149,153,-1,129,153,152,-1,112,117,113,-1,113,117,129,-1,113,129,151,-1,151,129,152,-1,129,117,131,-1,131,117,118,-1,121,154,81,-1,81,154,95,-1,155,120,94,-1,94,120,93,-1,95,154,94,-1,94,154,155,-1,155,154,120,-1,120,154,121,-1,123,156,84,-1,84,156,82,-1,157,124,83,-1,83,124,80,-1,82,156,83,-1,83,156,157,-1,157,156,124,-1,124,156,123,-1,158,116,89,-1,89,116,91,-1,114,159,90,-1,90,159,88,-1,88,159,89,-1,89,159,158,-1,158,159,116,-1,116,159,114,-1,160,115,87,-1,87,115,92,-1,119,161,85,-1,85,161,86,-1,86,161,87,-1,87,161,160,-1,160,161,115,-1,115,161,119,-1,
        ]
    }
}
Shape{
    appearance Appearance {
        material  Material 	{
            diffuseColor 0.6666666666666666 0.6666666666666666 0.6666666666666666
            specularColor 0.4666666666666667 0.4666666666666667 0.4666666666666667
            ambientIntensity 0.6667
            transparency 0.0
            shininess 0.5
        }
    }
    geometry IndexedFaceSet {
        ccw TRUE
        solid FALSE
        coord DEF co Coordinate {
            point [
                1.5748 -1.5202 4.9474, 1.1811 -1.5202 4.9474, 1.5748 -1.4738 4.9599, 1.1811 -1.4738 4.9599, 1.5748 -1.426 4.964, 1.1811 -1.426 4.964, 1.5748 -2.1975 4.7009, 1.1811 -2.1975 4.7009, 1.5748 -2.5465 4.7624, 1.1811 -2.5465 4.7624, 1.1811 -2.4959 4.727, 1.5748 -2.4959 4.727, 1.1811 -2.4399 4.7009, 1.5748 -2.4399 4.7009, 1.1811 -2.3802 4.6849, 1.5748 -2.3802 4.6849, 1.1811 -2.3187 4.6795, 1.5748 -2.3187 4.6795, 1.1811 -2.2572 4.6849, 1.5748 -2.2572 4.6849, 1.5748 -2.8197 4.9917, 1.1811 -2.8197 4.9917, 1.5748 -2.7438 5.0822, 1.1811 -2.7438 5.0822, 1.5748 -2.4706 4.8529, 1.1811 -2.4706 4.8529, 1.5748 -2.2379 4.8119, 1.1811 -2.2379 4.8119, 1.5748 -2.2858 4.7999, 1.1811 -2.2858 4.7999, 1.5748 -2.3352 4.7982, 1.1811 -2.3352 4.7982, 1.5748 -2.3838 4.8068, 1.1811 -2.3838 4.8068, 1.5748 -2.4296 4.8253, 1.1811 -2.4296 4.8253, 1.5748 -1.5606 5.0584, 1.1811 -1.5606 5.0584, 1.5748 -1.426 5.0822, 1.1811 -1.426 5.0822, 1.1811 -1.4943 5.0762, 1.5748 -1.4943 5.0762, 1.1811 -0.2723 5.0822, 1.1811 -0.2723 4.964, 1.5748 -0.2723 5.0822, 1.5748 -0.2723 4.964, 0.5906 -1.5202 4.9474, 0.1969 -1.5202 4.9474, 0.5906 -1.4738 4.9599, 0.1969 -1.4738 4.9599, 0.5906 -1.426 4.964, 0.1969 -1.426 4.964, 0.5906 -2.1975 4.7009, 0.1969 -2.1975 4.7009, 0.5906 -2.5465 4.7624, 0.1969 -2.5465 4.7624, 0.1969 -2.4959 4.727, 0.5906 -2.4959 4.727, 0.1969 -2.4399 4.7009, 0.5906 -2.4399 4.7009, 0.1969 -2.3802 4.6849, 0.5906 -2.3802 4.6849, 0.1969 -2.3187 4.6795, 0.5906 -2.3187 4.6795, 0.1969 -2.2572 4.6849, 0.5906 -2.2572 4.6849, 0.5906 -2.8197 4.9917, 0.1969 -2.8197 4.9917, 0.5906 -2.7438 5.0822, 0.1969 -2.7438 5.0822, 0.5906 -2.4706 4.8529, 0.1969 -2.4706 4.8529, 0.5906 -2.2379 4.8119, 0.1969 -2.2379 4.8119, 0.5906 -2.2858 4.7999, 0.1969 -2.2858 4.7999, 0.5906 -2.3352 4.7982, 0.1969 -2.3352 4.7982, 0.5906 -2.3838 4.8068, 0.1969 -2.3838 4.8068, 0.5906 -2.4296 4.8253, 0.1969 -2.4296 4.8253, 0.5906 -1.5606 5.0584, 0.1969 -1.5606 5.0584, 0.5906 -1.426 5.0822, 0.1969 -1.426 5.0822, 0.1969 -1.4943 5.0762, 0.5906 -1.4943 5.0762, 0.1969 -0.2723 5.0822, 0.1969 -0.2723 4.964, 0.5906 -0.2723 5.0822, 0.5906 -0.2723 4.964, -0.5905 -1.5606 5.0584, -0.1968 -1.5606 5.0584, -0.1968 -1.4943 5.0762, -0.5905 -1.4943 5.0762, -0.1968 -1.426 5.0822, -0.5905 -1.426 5.0822, -0.5905 -2.2379 4.8119, -0.1968 -2.2379 4.8119, -0.5905 -2.4706 4.8529, -0.1968 -2.4706 4.8529, -0.5905 -2.4296 4.8253, -0.1968 -2.4296 4.8253, -0.5905 -2.3838 4.8068, -0.1968 -2.3838 4.8068, -0.5905 -2.3352 4.7982, -0.1968 -2.3352 4.7982, -0.5905 -2.2858 4.7999, -0.1968 -2.2858 4.7999, -0.5905 -2.7438 5.0822, -0.1968 -2.7438 5.0822, -0.5905 -2.8197 4.9917, -0.1968 -2.8197 4.9917, -0.5905 -2.5465 4.7624, -0.1968 -2.5465 4.7624, -0.5905 -2.1975 4.7009, -0.1968 -2.1975 4.7009, -0.1968 -2.2572 4.6849, -0.5905 -2.2572 4.6849, -0.1968 -2.3187 4.6795, -0.5905 -2.3187 4.6795, -0.1968 -2.3802 4.6849, -0.5905 -2.3802 4.6849, -0.1968 -2.4399 4.7009, -0.5905 -2.4399 4.7009, -0.1968 -2.4959 4.727, -0.5905 -2.4959 4.727, -0.5905 -1.5202 4.9474, -0.1968 -1.5202 4.9474, -0.5905 -1.426 4.964, -0.1968 -1.426 4.964, -0.5905 -1.4738 4.9599, -0.1968 -1.4738 4.9599, -0.1968 -0.2723 4.964, -0.1968 -0.2723 5.0822, -0.5905 -0.2723 5.0822, -0.5905 -0.2723 4.964, -1.5748 -1.5606 5.0584, -1.1811 -1.5606 5.0584, -1.1811 -1.4943 5.0762, -1.5748 -1.4943 5.0762, -1.1811 -1.426 5.0822, -1.5748 -1.426 5.0822, -1.5748 -2.2379 4.8119, -1.1811 -2.2379 4.8119, -1.5748 -2.4706 4.8529, -1.1811 -2.4706 4.8529, -1.5748 -2.4296 4.8253, -1.1811 -2.4296 4.8253, -1.5748 -2.3838 4.8068, -1.1811 -2.3838 4.8068, -1.5748 -2.3352 4.7982, -1.1811 -2.3352 4.7982, -1.5748 -2.2858 4.7999, -1.1811 -2.2858 4.7999, -1.5748 -2.7438 5.0822, -1.1811 -2.7438 5.0822, -1.5748 -2.8197 4.9917, -1.1811 -2.8197 4.9917, -1.5748 -2.5465 4.7624, -1.1811 -2.5465 4.7624, -1.5748 -2.1975 4.7009, -1.1811 -2.1975 4.7009, -1.1811 -2.2572 4.6849, -1.5748 -2.2572 4.6849, -1.1811 -2.3187 4.6795, -1.5748 -2.3187 4.6795, -1.1811 -2.3802 4.6849, -1.5748 -2.3802 4.6849, -1.1811 -2.4399 4.7009, -1.5748 -2.4399 4.7009, -1.1811 -2.4959 4.727, -1.5748 -2.4959 4.727, -1.5748 -1.5202 4.9474, -1.1811 -1.5202 4.9474, -1.5748 -1.426 4.964, -1.1811 -1.426 4.964, -1.5748 -1.4738 4.9599, -1.1811 -1.4738 4.9599, -1.1811 -0.2723 4.964, -1.1811 -0.2723 5.0822, -1.5748 -0.2723 5.0822, -1.5748 -0.2723 4.964
            ]
        }
        coordIndex [
            0,1,2,-1,2,1,3,-1,2,3,4,-1,4,3,5,-1,0,6,1,-1,1,6,7,-1,8,9,10,-1,8,10,11,-1,11,10,12,-1,11,12,13,-1,13,12,14,-1,13,14,15,-1,15,14,16,-1,15,16,17,-1,17,16,18,-1,17,18,19,-1,19,18,7,-1,19,7,6,-1,8,20,9,-1,9,20,21,-1,20,22,21,-1,21,22,23,-1,22,24,23,-1,23,24,25,-1,26,27,28,-1,28,27,29,-1,28,29,30,-1,30,29,31,-1,30,31,32,-1,32,31,33,-1,32,33,34,-1,34,33,35,-1,34,35,24,-1,24,35,25,-1,26,36,27,-1,27,36,37,-1,38,39,40,-1,38,40,41,-1,41,40,37,-1,41,37,36,-1,31,14,33,-1,33,14,12,-1,33,12,35,-1,35,12,10,-1,35,10,25,-1,25,10,9,-1,25,9,23,-1,23,9,21,-1,42,43,39,-1,39,43,5,-1,39,5,40,-1,40,5,3,-1,40,3,37,-1,37,3,1,-1,37,1,27,-1,27,1,7,-1,27,7,29,-1,29,7,18,-1,29,18,31,-1,31,18,16,-1,31,16,14,-1,38,44,39,-1,39,44,42,-1,4,5,45,-1,45,5,43,-1,22,20,24,-1,24,20,8,-1,24,8,34,-1,34,8,11,-1,34,11,32,-1,45,44,4,-1,4,44,38,-1,4,38,2,-1,2,38,41,-1,2,41,0,-1,0,41,36,-1,0,36,6,-1,6,36,26,-1,6,26,19,-1,19,26,28,-1,19,28,17,-1,17,28,30,-1,17,30,15,-1,15,30,32,-1,15,32,13,-1,13,32,11,-1,44,45,42,-1,42,45,43,-1,46,47,48,-1,48,47,49,-1,48,49,50,-1,50,49,51,-1,46,52,47,-1,47,52,53,-1,54,55,56,-1,54,56,57,-1,57,56,58,-1,57,58,59,-1,59,58,60,-1,59,60,61,-1,61,60,62,-1,61,62,63,-1,63,62,64,-1,63,64,65,-1,65,64,53,-1,65,53,52,-1,54,66,55,-1,55,66,67,-1,66,68,67,-1,67,68,69,-1,68,70,69,-1,69,70,71,-1,72,73,74,-1,74,73,75,-1,74,75,76,-1,76,75,77,-1,76,77,78,-1,78,77,79,-1,78,79,80,-1,80,79,81,-1,80,81,70,-1,70,81,71,-1,72,82,73,-1,73,82,83,-1,84,85,86,-1,84,86,87,-1,87,86,83,-1,87,83,82,-1,77,60,79,-1,79,60,58,-1,79,58,81,-1,81,58,56,-1,81,56,71,-1,71,56,55,-1,71,55,69,-1,69,55,67,-1,88,89,85,-1,85,89,51,-1,85,51,86,-1,86,51,49,-1,86,49,83,-1,83,49,47,-1,83,47,73,-1,73,47,53,-1,73,53,75,-1,75,53,64,-1,75,64,77,-1,77,64,62,-1,77,62,60,-1,84,90,85,-1,85,90,88,-1,50,51,91,-1,91,51,89,-1,68,66,70,-1,70,66,54,-1,70,54,80,-1,80,54,57,-1,80,57,78,-1,91,90,50,-1,50,90,84,-1,50,84,48,-1,48,84,87,-1,48,87,46,-1,46,87,82,-1,46,82,52,-1,52,82,72,-1,52,72,65,-1,65,72,74,-1,65,74,63,-1,63,74,76,-1,63,76,61,-1,61,76,78,-1,61,78,59,-1,59,78,57,-1,89,88,91,-1,91,88,90,-1,92,93,94,-1,92,94,95,-1,95,94,96,-1,95,96,97,-1,92,98,93,-1,93,98,99,-1,100,101,102,-1,102,101,103,-1,102,103,104,-1,104,103,105,-1,104,105,106,-1,106,105,107,-1,106,107,108,-1,108,107,109,-1,108,109,98,-1,98,109,99,-1,100,110,101,-1,101,110,111,-1,110,112,111,-1,111,112,113,-1,112,114,113,-1,113,114,115,-1,116,117,118,-1,116,118,119,-1,119,118,120,-1,119,120,121,-1,121,120,122,-1,121,122,123,-1,123,122,124,-1,123,124,125,-1,125,124,126,-1,125,126,127,-1,127,126,115,-1,127,115,114,-1,116,128,117,-1,117,128,129,-1,130,131,132,-1,132,131,133,-1,132,133,128,-1,128,133,129,-1,111,113,101,-1,101,113,115,-1,101,115,103,-1,103,115,126,-1,103,126,105,-1,134,135,131,-1,131,135,96,-1,131,96,133,-1,133,96,94,-1,133,94,129,-1,129,94,93,-1,129,93,117,-1,117,93,99,-1,117,99,118,-1,118,99,109,-1,118,109,120,-1,120,109,107,-1,120,107,122,-1,122,107,105,-1,122,105,124,-1,124,105,126,-1,96,135,97,-1,97,135,136,-1,131,130,134,-1,134,130,137,-1,112,110,114,-1,114,110,100,-1,114,100,127,-1,127,100,102,-1,127,102,125,-1,125,102,104,-1,125,104,123,-1,123,104,106,-1,136,137,97,-1,97,137,130,-1,97,130,95,-1,95,130,132,-1,95,132,92,-1,92,132,128,-1,92,128,98,-1,98,128,116,-1,98,116,108,-1,108,116,119,-1,108,119,106,-1,106,119,121,-1,106,121,123,-1,135,134,136,-1,136,134,137,-1,138,139,140,-1,138,140,141,-1,141,140,142,-1,141,142,143,-1,138,144,139,-1,139,144,145,-1,146,147,148,-1,148,147,149,-1,148,149,150,-1,150,149,151,-1,150,151,152,-1,152,151,153,-1,152,153,154,-1,154,153,155,-1,154,155,144,-1,144,155,145,-1,146,156,147,-1,147,156,157,-1,156,158,157,-1,157,158,159,-1,158,160,159,-1,159,160,161,-1,162,163,164,-1,162,164,165,-1,165,164,166,-1,165,166,167,-1,167,166,168,-1,167,168,169,-1,169,168,170,-1,169,170,171,-1,171,170,172,-1,171,172,173,-1,173,172,161,-1,173,161,160,-1,162,174,163,-1,163,174,175,-1,176,177,178,-1,178,177,179,-1,178,179,174,-1,174,179,175,-1,157,159,147,-1,147,159,161,-1,147,161,149,-1,149,161,172,-1,149,172,151,-1,180,181,177,-1,177,181,142,-1,177,142,179,-1,179,142,140,-1,179,140,175,-1,175,140,139,-1,175,139,163,-1,163,139,145,-1,163,145,164,-1,164,145,155,-1,164,155,166,-1,166,155,153,-1,166,153,168,-1,168,153,151,-1,168,151,170,-1,170,151,172,-1,142,181,143,-1,143,181,182,-1,177,176,180,-1,180,176,183,-1,158,156,160,-1,160,156,146,-1,160,146,173,-1,173,146,148,-1,173,148,171,-1,171,148,150,-1,171,150,169,-1,169,150,152,-1,182,183,143,-1,143,183,176,-1,143,176,141,-1,141,176,178,-1,141,178,138,-1,138,178,174,-1,138,174,144,-1,144,174,162,-1,144,162,154,-1,154,162,165,-1,154,165,152,-1,152,165,167,-1,152,167,169,-1,181,180,182,-1,182,180,183,-1,
        ]
    }
}
Shape{
    appearance Appearance {
        material  Material 	{
            diffuseColor 0.7019607843137254 0.7019607843137254 0.7019607843137254
            specularColor 0.050980392156862744 0.050980392156862744 0.050980392156862744
            ambientIntensity 1.0
            transparency 0.0
            shininess 0.5
        }
    }
    geometry IndexedFaceSet {
        ccw TRUE
        solid FALSE
        coord DEF co Coordinate {
            point [
                2.3819 -2.0126 3.9925, -2.3819 -2.0126 3.9925, 2.3819 -1.6189 3.9925, -2.3819 -1.6189 3.9925, 2.4023 -1.6189 3.9951, 2.4023 -2.0126 3.9951, 2.4213 -1.6189 4.003, 2.4213 -2.0126 4.003, 2.4376 -1.6189 4.0155, 2.4376 -2.0126 4.0155, 2.4501 -1.6189 4.0318, 2.4501 -2.0126 4.0318, 2.458 -1.6189 4.0508, 2.458 -2.0126 4.0508, 2.4606 -1.6189 4.0712, 2.4606 -2.0126 4.0712, 2.4606 -2.0126 4.5043, 2.4606 -1.6189 4.5043, 2.3622 -2.0126 4.5043, 2.3622 -1.6189 4.5043, 2.3622 -2.0126 5.4885, 2.3622 -1.6189 5.4885, 2.4606 -2.0126 5.4885, 2.4606 -1.6189 5.4885, 2.4606 -2.0126 5.9216, 2.4606 -1.6189 5.9216, 2.458 -1.6189 5.942, 2.458 -2.0126 5.942, 2.4501 -1.6189 5.961, 2.4501 -2.0126 5.961, 2.4376 -1.6189 5.9773, 2.4376 -2.0126 5.9773, 2.4213 -1.6189 5.9898, 2.4213 -2.0126 5.9898, 2.4023 -1.6189 5.9977, 2.4023 -2.0126 5.9977, 2.3819 -1.6189 6.0003, 2.3819 -2.0126 6.0003, 1.8898 -2.0126 6.0003, 1.8898 -1.6189 6.0003, 1.8898 -2.0126 5.961, 1.8898 -1.6189 5.961, -1.8898 -2.0126 5.961, -1.8898 -1.6189 5.961, -1.8898 -2.0126 6.0003, -1.8898 -1.6189 6.0003, -2.3819 -2.0126 6.0003, -2.3819 -1.6189 6.0003, -2.4023 -1.6189 5.9977, -2.4023 -2.0126 5.9977, -2.4212 -1.6189 5.9898, -2.4212 -2.0126 5.9898, -2.4376 -1.6189 5.9773, -2.4376 -2.0126 5.9773, -2.4501 -1.6189 5.961, -2.4501 -2.0126 5.961, -2.4579 -1.6189 5.942, -2.4579 -2.0126 5.942, -2.4606 -1.6189 5.9216, -2.4606 -2.0126 5.9216, -2.4606 -2.0126 5.4885, -2.4606 -1.6189 5.4885, -2.3622 -2.0126 5.4885, -2.3622 -1.6189 5.4885, -2.3622 -2.0126 4.5043, -2.3622 -1.6189 4.5043, -2.4606 -2.0126 4.5043, -2.4606 -1.6189 4.5043, -2.4606 -2.0126 4.0712, -2.4606 -1.6189 4.0712, -2.4579 -1.6189 4.0508, -2.4579 -2.0126 4.0508, -2.4501 -1.6189 4.0318, -2.4501 -2.0126 4.0318, -2.4376 -1.6189 4.0155, -2.4376 -2.0126 4.0155, -2.4212 -1.6189 4.003, -2.4212 -2.0126 4.003, -2.4023 -1.6189 3.9951, -2.4023 -2.0126 3.9951, 1.1614 -2.0126 4.964, 0.6102 -2.0126 4.964, 1.5945 -2.0126 5.0822, 1.1614 -2.0126 5.0822, 1.5945 -2.0126 4.964, -1.1614 -2.0126 5.0822, -1.5945 -2.0126 5.0822, -1.1614 -2.0126 4.964, -1.5945 -2.0126 4.964, -0.1772 -2.0126 4.964, -0.1772 -2.0126 5.0822, -0.6102 -2.0126 5.0822, -0.6102 -2.0126 4.964, 0.1772 -2.0126 4.964, 0.1772 -2.0126 5.0822, 0.6102 -2.0126 5.0822, -2.1743 -2.0126 5.518, -2.1428 -2.0126 5.594, 2.185 -2.0126 4.964, -2.185 -2.0126 4.964, -2.185 -2.0126 5.4365, -2.0928 -2.0126 5.6592, -2.0275 -2.0126 5.7092, 2.185 -2.0126 5.4365, 2.1743 -2.0126 5.518, 1.9516 -2.0126 5.7407, 2.0276 -2.0126 5.7092, 2.0928 -2.0126 5.6592, 2.1429 -2.0126 5.594, -1.9516 -2.0126 5.7407, -1.8701 -2.0126 5.7514, 1.8701 -2.0126 5.7514, -2.185 -4.5063 4.964, -2.185 -4.5063 5.4365, -1.1614 -2.8197 4.964, -0.6102 -2.8197 4.964, -1.5945 -2.8197 4.964, -2.0866 -4.6768 4.964, 2.0866 -4.6768 4.964, -0.1772 -2.8197 4.964, 0.1772 -2.8197 4.964, 0.6102 -2.8197 4.964, 2.185 -4.5063 4.964, 1.5945 -2.8197 4.964, 1.1614 -2.8197 4.964, 2.185 -4.5063 5.4365, -1.8701 -4.5063 5.7514, 1.8701 -4.5063 5.7514, -1.9882 -4.8472 5.5546, -1.9882 -4.8472 5.0625, 1.9882 -4.8472 5.5546, 1.9882 -4.8472 5.0625, 2.1824 -4.5109 5.4776, 2.1743 -4.5249 5.518, 2.1611 -4.5478 5.557, 2.1429 -4.5794 5.594, 2.12 -4.619 5.6282, 2.0928 -4.6661 5.6592, 2.0276 -4.5794 5.7092, 2.0618 -4.619 5.6864, 1.9112 -4.5109 5.7488, 1.9516 -4.5249 5.7407, 1.9906 -4.5478 5.7275, -1.9112 -4.5109 5.7488, -1.9516 -4.5249 5.7407, -1.9906 -4.5478 5.7275, -2.0275 -4.5794 5.7092, -2.0618 -4.619 5.6864, -2.0928 -4.6661 5.6592, -2.1428 -4.5794 5.594, -2.1199 -4.619 5.6282, -2.1823 -4.5109 5.4776, -2.1743 -4.5249 5.518, -2.1611 -4.5478 5.557, 0.6102 -2.8197 5.0822, 0.1772 -2.8197 5.0822, 1.5945 -2.8197 5.0822, 1.1614 -2.8197 5.0822, -1.5945 -2.8197 5.0822, -1.1614 -2.8197 5.0822, -0.6102 -2.8197 5.0822, -0.1772 -2.8197 5.0822, -2.3819 -1.6189 2.6145, -0.6102 -1.6189 1.6429, 2.3819 -1.6189 2.6145, -0.1772 -1.6189 1.6429, 2.4606 -1.6189 2.5358, 2.458 -1.6189 2.5561, 0.6102 -1.6189 1.5248, 2.4501 -1.6189 2.5751, 2.4376 -1.6189 2.5914, -1.8701 -1.6189 -0.0233, -1.8701 -1.6189 0.4885, -1.9783 -1.6189 -0.0233, -2.4606 -1.6189 2.5358, -2.4606 -1.6189 -0.0233, 1.8701 -1.6189 0.4885, 1.8701 -1.6189 -0.0233, 2.4606 -1.6189 -0.0233, 0.1772 -1.6189 1.5248, -2.4212 -1.6189 2.604, -2.4376 -1.6189 2.5914, -1.5945 -1.6189 1.6429, -2.4501 -1.6189 2.5751, -2.4579 -1.6189 2.5561, -1.5945 -1.6189 1.5248, -1.1614 -1.6189 1.5248, 1.1614 -1.6189 1.5248, 1.1614 -1.6189 1.6429, 1.5945 -1.6189 1.6429, 1.5945 -1.6189 1.5248, -0.6102 -1.6189 1.5248, -1.1614 -1.6189 1.6429, -2.4023 -1.6189 2.6118, -0.1772 -1.6189 1.5248, 0.1772 -1.6189 1.6429, 0.6102 -1.6189 1.6429, 2.4023 -1.6189 2.6118, 2.4213 -1.6189 2.604, -2.3819 1.6882 2.6145, -1.6338 1.6882 2.6145, -1.6338 1.6882 0.2129, -1.122 1.6882 0.2129, -1.122 1.6882 2.6145, -0.6496 1.6882 2.6145, -0.5545 1.6882 -0.0233, -1.0164 1.6882 -0.0233, -0.6496 1.6882 0.2129, -2.4023 1.6882 2.6118, -2.4212 1.6882 2.604, -2.4376 1.6882 2.5914, -1.9783 1.6882 -0.0233, -2.4606 1.6882 -0.0233, -2.4606 1.6882 2.5358, -2.4579 1.6882 2.5561, -2.4501 1.6882 2.5751, 0.1378 1.6882 2.6145, 0.1378 1.6882 0.2129, -0.1378 1.6882 2.6145, -0.1378 1.6882 0.2129, 1.1221 1.6882 2.6145, 1.1221 1.6882 0.2129, 0.6496 1.6882 2.6145, 0.6496 1.6882 0.2129, 1.0404 1.6882 -0.0233, 0.6664 1.6882 -0.0233, 0.4513 1.6882 -0.0233, 0.1978 1.6882 -0.0233, 0.0816 1.6882 -0.0233, -0.2064 1.6882 -0.0233, -0.5248 1.6882 -0.0233, 1.6339 1.6882 0.2129, 2.4606 1.6882 -0.0233, 1.6339 1.6882 2.6145, 2.3819 1.6882 2.6145, 2.4023 1.6882 2.6118, 2.4213 1.6882 2.604, 2.4376 1.6882 2.5914, 2.4501 1.6882 2.5751, 2.458 1.6882 2.5561, 2.4606 1.6882 2.5358, -1.5157 1.3102 2.6145, -1.5157 1.5701 2.6145, 1.5158 1.5701 2.6145, 1.5158 1.3102 2.6145, 0.5315 1.3102 2.6145, 0.2559 1.3102 2.6145, -0.2559 1.3102 2.6145, -0.5315 1.3102 2.6145, 1.2402 1.3102 2.6145, -0.2559 1.5701 2.6145, 0.2559 1.5701 2.6145, -0.5315 1.5701 2.6145, 0.5315 1.5701 2.6145, 1.2402 1.5701 2.6145, -1.2401 1.3102 2.6145, -1.2401 1.5701 2.6145, 1.8701 -3.115 -0.0233, 1.0404 -3.115 -0.0233, -0.2756 -0.0933 -0.0233, -0.2756 0.0051 -0.0233, -0.2064 0.4305 -0.0233, -0.3371 0.4713 -0.0233, -0.3758 0.4757 -0.0233, -0.2519 0.7669 -0.0233, -0.2449 0.8062 -0.0233, -0.2064 0.8809 -0.0233, -0.2449 0.763 -0.0233, -0.4715 0.793 -0.0233, -0.5011 0.7619 -0.0233, -0.5248 0.8809 -0.0233, -0.2892 0.4775 -0.0233, -0.2449 0.4965 -0.0233, -0.2449 0.4437 -0.0233, -0.3532 0.8314 -0.0233, -0.4017 0.8264 -0.0233, -0.4399 0.8132 -0.0233, -0.4053 0.4863 -0.0233, -0.4325 0.5045 -0.0233, -0.4563 0.5308 -0.0233, -0.4849 0.6339 -0.0233, -0.4809 0.6766 -0.0233, -0.4702 0.7104 -0.0233, -0.3826 0.7841 -0.0233, -0.3459 0.7882 -0.0233, -0.4113 0.7735 -0.0233, -0.4355 0.7572 -0.0233, -0.4539 0.7377 -0.0233, -0.2936 0.7824 -0.0233, -0.4725 0.5612 -0.0233, -0.483 0.6033 -0.0233, -0.2868 0.8234 -0.0233, -0.3424 0.8312 -0.0233, -0.2064 -1.6041 -0.0233, -0.5248 -1.6041 -0.0233, -0.5118 -0.0933 -0.0233, -0.3669 0.4305 -0.0233, -0.3375 0.4281 -0.0233, -0.3027 0.4305 -0.0233, -0.2904 0.4313 -0.0233, -0.5169 0.5366 -0.0233, -0.4939 0.4998 -0.0233, -0.5248 0.4305 -0.0233, -0.4583 0.4656 -0.0233, -0.4209 0.4441 -0.0233, -0.5118 0.0051 -0.0233, -0.377 0.4313 -0.0233, -0.5545 0.4305 -0.0233, -0.5321 0.5812 -0.0233, -0.5248 0.5597 -0.0233, -0.5221 0.7244 -0.0233, -0.5248 0.715 -0.0233, -0.5545 0.8809 -0.0233, -0.5339 0.6828 -0.0233, -0.5377 0.6372 -0.0233, 0.2311 0.4329 -0.0233, 0.4513 0.4305 -0.0233, 0.1978 0.4305 -0.0233, 0.288 0.439 -0.0233, 0.3341 0.4551 -0.0233, 0.3769 0.4839 -0.0233, 0.3623 0.7849 -0.0233, 0.4513 0.8809 -0.0233, 0.3947 0.7539 -0.0233, 0.4173 0.7187 -0.0233, 0.3773 0.4842 -0.0233, 0.4052 0.5151 -0.0233, 0.4235 0.549 -0.0233, 0.3212 0.8088 -0.0233, 0.2758 0.8223 -0.0233, 0.1978 0.8809 -0.0233, 0.4341 0.5877 -0.0233, 0.4369 0.6248 -0.0233, 0.4314 0.6775 -0.0233, 0.2271 0.8266 -0.0233, 0.1978 0.8266 -0.0233, 0.0816 0.8809 -0.0233, 0.12 0.8266 -0.0233, 0.0816 0.4305 -0.0233, 0.12 0.4329 -0.0233, 0.1978 0.4329 -0.0233, 0.2756 0.0051 -0.0233, 0.4513 0.0051 -0.0233, 0.5118 0.0051 -0.0233, 0.6664 0.4305 -0.0233, 0.5118 -0.0933 -0.0233, 0.6664 -1.6041 -0.0233, 0.4513 -0.0933 -0.0233, 0.4513 -1.6041 -0.0233, 0.2756 -0.0933 -0.0233, 0.1978 -1.6041 -0.0233, 0.2756 1.0287 -0.0233, 0.2756 0.9303 -0.0233, 0.5118 0.9303 -0.0233, 0.6664 0.8809 -0.0233, 0.4513 0.9303 -0.0233, 0.5118 1.0287 -0.0233, 0.4513 1.0287 -0.0233, 0.6664 0.7162 -0.0233, 0.5609 0.7162 -0.0233, 0.5233 0.8266 -0.0233, 0.4657 0.8266 -0.0233, 0.6146 0.4329 -0.0233, 0.6664 0.4329 -0.0233, 0.6674 0.4329 -0.0233, -2.4606 -1.6041 -0.0233, -1.9783 -1.6041 -0.0233, -1.0164 -1.6041 -0.0233, -1.8701 -3.115 -0.0233, 2.4606 -1.6041 -0.0233, 1.2599 1.0287 -0.0233, 1.2599 0.9303 -0.0233, 1.0404 0.8809 -0.0233, 1.4961 0.9303 -0.0233, 1.4961 1.0287 -0.0233, 2.4606 0.8809 -0.0233, 2.4606 0.4305 -0.0233, 1.0404 0.4305 -0.0233, 1.2599 0.0051 -0.0233, 1.2599 -0.0933 -0.0233, 1.4961 0.0051 -0.0233, 1.4961 -0.0933 -0.0233, 1.0404 -1.6041 -0.0233, 0.7236 0.7162 -0.0233, 0.7634 0.8266 -0.0233, 0.821 0.8266 -0.0233, 0.0336 0.4329 -0.0233, 0.0336 0.4761 -0.0233, 0.0432 0.7834 -0.0233, 0.0432 0.8266 -0.0233, -0.168 0.8266 -0.0233, -0.168 0.4329 -0.0233, -0.1152 0.6489 -0.0233, -0.1152 0.7834 -0.0233, 0.024 0.6489 -0.0233, 0.024 0.6057 -0.0233, -0.1152 0.6057 -0.0233, -0.1152 0.4761 -0.0233, 0.0816 -1.6041 -0.0233, -0.5118 1.0287 -0.0233, -0.5118 0.9303 -0.0233, -0.2756 1.0287 -0.0233, -0.2756 0.9303 -0.0233, -1.0164 0.8809 -0.0233, -0.5713 0.7834 -0.0233, -0.7202 0.7834 -0.0233, -0.7202 0.4329 -0.0233, -0.773 0.4329 -0.0233, -1.0164 0.4305 -0.0233, -0.773 0.8266 -0.0233, -0.5545 -1.6041 -0.0233, 0.6664 -3.115 -0.0233, 0.4513 -3.115 -0.0233, 0.1978 -3.115 -0.0233, 0.0816 -3.115 -0.0233, -0.2064 -3.115 -0.0233, -0.5248 -3.115 -0.0233, -0.5545 -3.115 -0.0233, -1.0164 -3.115 -0.0233, -1.2598 0.9303 -0.0233, -1.4961 0.9303 -0.0233, -1.9783 0.8809 -0.0233, -1.4961 1.0287 -0.0233, -1.2598 1.0287 -0.0233, -0.5713 0.8266 -0.0233, -1.9783 0.4305 -0.0233, -1.4961 0.0051 -0.0233, -1.4961 -0.0933 -0.0233, -1.2598 0.0051 -0.0233, -1.2598 -0.0933 -0.0233, -2.4606 0.4305 -0.0233, -2.4606 0.8809 -0.0233, 1.8701 -2.9181 0.4885, -1.8701 -2.9181 0.4885, -1.8701 -3.115 0.2917, 1.8701 -3.115 0.2917, 0.5315 1.3102 0.2129, 0.5315 1.5701 0.2129, 0.2559 1.5701 0.2129, 0.2559 1.3102 0.2129, 1.5158 1.3102 0.2129, 1.5158 1.5701 0.2129, 1.2402 1.5701 0.2129, 1.2402 1.3102 0.2129, -1.5157 1.5701 0.2129, -1.5157 1.3102 0.2129, -1.2401 1.3102 0.2129, -1.2401 1.5701 0.2129, -0.5315 1.5701 0.2129, -0.5315 1.3102 0.2129, -0.2559 1.3102 0.2129, -0.2559 1.5701 0.2129, 0.6102 0.8614 1.6429, 0.6102 0.8614 1.5248, 0.1772 0.8614 1.5248, 0.1772 0.8614 1.6429, 1.5945 0.8614 1.6429, 1.5945 0.8614 1.5248, 1.1614 0.8614 1.5248, 1.1614 0.8614 1.6429, -1.5945 0.8614 1.5248, -1.5945 0.8614 1.6429, -1.1614 0.8614 1.6429, -1.1614 0.8614 1.5248, -0.6102 0.8614 1.5248, -0.6102 0.8614 1.6429, -0.1772 0.8614 1.6429, -0.1772 0.8614 1.5248
            ]
        }
        coordIndex [
            0,1,2,-1,2,1,3,-1,0,2,4,-1,0,4,5,-1,5,4,6,-1,5,6,7,-1,7,6,8,-1,7,8,9,-1,9,8,10,-1,9,10,11,-1,11,10,12,-1,11,12,13,-1,13,12,14,-1,13,14,15,-1,16,15,17,-1,17,15,14,-1,18,16,19,-1,19,16,17,-1,20,18,21,-1,21,18,19,-1,22,20,23,-1,23,20,21,-1,24,22,25,-1,25,22,23,-1,24,25,26,-1,24,26,27,-1,27,26,28,-1,27,28,29,-1,29,28,30,-1,29,30,31,-1,31,30,32,-1,31,32,33,-1,33,32,34,-1,33,34,35,-1,35,34,36,-1,35,36,37,-1,38,37,39,-1,39,37,36,-1,40,38,41,-1,41,38,39,-1,42,40,43,-1,43,40,41,-1,44,42,45,-1,45,42,43,-1,46,44,47,-1,47,44,45,-1,46,47,48,-1,46,48,49,-1,49,48,50,-1,49,50,51,-1,51,50,52,-1,51,52,53,-1,53,52,54,-1,53,54,55,-1,55,54,56,-1,55,56,57,-1,57,56,58,-1,57,58,59,-1,60,59,61,-1,61,59,58,-1,62,60,63,-1,63,60,61,-1,64,62,65,-1,65,62,63,-1,66,64,67,-1,67,64,65,-1,68,66,69,-1,69,66,67,-1,68,69,70,-1,68,70,71,-1,71,70,72,-1,71,72,73,-1,73,72,74,-1,73,74,75,-1,75,74,76,-1,75,76,77,-1,77,76,78,-1,77,78,79,-1,79,78,3,-1,79,3,1,-1,80,81,1,-1,18,1,0,-1,15,16,18,-1,59,60,62,-1,82,83,84,-1,84,83,80,-1,85,86,87,-1,87,86,88,-1,20,22,40,-1,40,22,24,-1,89,90,91,-1,18,0,15,-1,15,0,5,-1,15,5,7,-1,91,92,89,-1,89,92,1,-1,89,1,93,-1,93,1,81,-1,93,81,94,-1,94,81,95,-1,7,9,15,-1,15,9,11,-1,15,11,13,-1,96,97,62,-1,80,1,84,-1,84,1,18,-1,84,18,98,-1,99,68,88,-1,88,68,71,-1,71,73,88,-1,88,73,75,-1,88,75,77,-1,92,87,1,-1,1,87,88,-1,1,88,79,-1,79,88,77,-1,38,40,37,-1,37,40,24,-1,37,24,35,-1,35,24,27,-1,27,29,35,-1,35,29,31,-1,35,31,33,-1,55,49,53,-1,53,49,51,-1,55,57,49,-1,49,57,59,-1,49,59,46,-1,66,68,64,-1,64,68,99,-1,64,99,62,-1,62,99,100,-1,62,100,96,-1,101,102,42,-1,98,18,103,-1,103,18,20,-1,103,20,104,-1,97,101,62,-1,62,101,42,-1,62,42,59,-1,59,42,44,-1,59,44,46,-1,105,106,40,-1,40,106,107,-1,40,107,20,-1,20,107,108,-1,20,108,104,-1,102,109,42,-1,42,109,110,-1,42,110,40,-1,40,110,111,-1,40,111,105,-1,65,2,3,-1,69,67,65,-1,43,63,61,-1,41,21,19,-1,65,3,69,-1,69,3,78,-1,69,78,76,-1,63,43,65,-1,23,21,25,-1,25,21,41,-1,25,41,39,-1,61,58,43,-1,43,58,47,-1,43,47,45,-1,76,74,69,-1,69,74,72,-1,69,72,70,-1,43,41,65,-1,65,41,19,-1,65,19,2,-1,2,19,17,-1,2,17,14,-1,58,56,47,-1,47,56,54,-1,47,54,48,-1,48,54,52,-1,48,52,50,-1,10,8,6,-1,28,34,30,-1,30,34,32,-1,39,36,25,-1,25,36,34,-1,25,34,26,-1,26,34,28,-1,14,12,2,-1,2,12,10,-1,2,10,4,-1,4,10,6,-1,99,112,100,-1,100,112,113,-1,87,92,114,-1,114,92,115,-1,99,88,112,-1,112,88,116,-1,112,116,117,-1,117,116,114,-1,117,114,118,-1,118,114,115,-1,89,93,119,-1,119,93,120,-1,121,122,120,-1,120,122,118,-1,120,118,119,-1,119,118,115,-1,84,98,123,-1,123,98,122,-1,123,122,124,-1,124,122,121,-1,124,121,80,-1,80,121,81,-1,103,125,98,-1,98,125,122,-1,110,126,111,-1,111,126,127,-1,128,129,130,-1,130,129,131,-1,125,103,132,-1,132,103,104,-1,132,104,133,-1,133,104,134,-1,134,104,108,-1,134,108,135,-1,135,108,136,-1,136,108,107,-1,136,107,137,-1,106,138,107,-1,107,138,139,-1,107,139,137,-1,105,111,127,-1,127,140,105,-1,105,140,141,-1,105,141,106,-1,106,141,142,-1,106,142,138,-1,126,110,143,-1,143,110,109,-1,143,109,144,-1,144,109,145,-1,145,109,102,-1,145,102,146,-1,146,102,147,-1,147,102,101,-1,147,101,148,-1,97,149,101,-1,101,149,150,-1,101,150,148,-1,96,100,113,-1,113,151,96,-1,96,151,152,-1,96,152,97,-1,97,152,153,-1,97,153,149,-1,147,148,128,-1,146,147,126,-1,127,139,138,-1,130,137,128,-1,128,137,139,-1,128,139,147,-1,147,139,127,-1,147,127,126,-1,143,144,126,-1,126,144,145,-1,126,145,146,-1,138,142,127,-1,127,142,141,-1,127,141,140,-1,118,122,131,-1,131,122,125,-1,137,130,136,-1,136,130,131,-1,136,131,135,-1,135,131,134,-1,125,132,131,-1,131,132,133,-1,131,133,134,-1,128,148,129,-1,129,148,150,-1,150,149,129,-1,129,149,153,-1,129,153,152,-1,112,117,113,-1,113,117,129,-1,113,129,151,-1,151,129,152,-1,129,117,131,-1,131,117,118,-1,121,154,81,-1,81,154,95,-1,155,120,94,-1,94,120,93,-1,95,154,94,-1,94,154,155,-1,155,154,120,-1,120,154,121,-1,123,156,84,-1,84,156,82,-1,157,124,83,-1,83,124,80,-1,82,156,83,-1,83,156,157,-1,157,156,124,-1,124,156,123,-1,158,116,86,-1,86,116,88,-1,114,159,87,-1,87,159,85,-1,85,159,86,-1,86,159,158,-1,158,159,116,-1,116,159,114,-1,160,115,91,-1,91,115,92,-1,119,161,89,-1,89,161,90,-1,90,161,91,-1,91,161,160,-1,160,161,115,-1,115,161,119,-1,162,163,164,-1,164,163,165,-1,166,167,168,-1,168,167,169,-1,168,169,170,-1,171,172,173,-1,173,172,174,-1,173,174,175,-1,176,177,178,-1,176,168,179,-1,180,181,182,-1,182,181,183,-1,176,179,172,-1,183,184,182,-1,182,184,174,-1,182,174,185,-1,185,174,172,-1,185,172,186,-1,176,187,168,-1,168,187,188,-1,168,188,166,-1,166,188,189,-1,166,189,178,-1,178,189,190,-1,178,190,176,-1,176,190,187,-1,191,163,192,-1,192,163,162,-1,192,162,182,-1,182,162,193,-1,182,193,180,-1,192,186,191,-1,191,186,172,-1,191,172,194,-1,194,172,179,-1,194,179,165,-1,165,179,195,-1,165,195,164,-1,164,195,196,-1,164,196,197,-1,197,196,168,-1,197,168,198,-1,198,168,170,-1,199,200,201,-1,202,203,204,-1,205,206,207,-1,208,199,209,-1,209,199,210,-1,204,207,202,-1,202,207,206,-1,202,206,201,-1,201,206,211,-1,201,211,199,-1,199,211,212,-1,199,212,213,-1,213,214,199,-1,199,214,215,-1,199,215,210,-1,216,217,218,-1,218,217,219,-1,220,221,222,-1,222,221,223,-1,224,225,223,-1,223,225,226,-1,223,226,217,-1,226,227,217,-1,217,227,228,-1,217,228,219,-1,219,228,229,-1,219,229,207,-1,207,229,230,-1,207,230,205,-1,223,221,224,-1,224,221,231,-1,224,231,232,-1,232,231,233,-1,232,233,234,-1,235,236,234,-1,234,236,237,-1,234,237,238,-1,238,239,234,-1,234,239,240,-1,234,240,232,-1,241,242,200,-1,233,243,234,-1,234,243,244,-1,234,244,164,-1,245,246,162,-1,162,246,247,-1,162,247,248,-1,164,244,162,-1,162,244,249,-1,162,249,245,-1,218,250,216,-1,216,250,247,-1,216,247,251,-1,251,247,246,-1,248,252,204,-1,222,253,220,-1,220,253,245,-1,220,245,254,-1,254,245,249,-1,200,199,241,-1,241,199,162,-1,241,162,255,-1,255,162,248,-1,255,248,256,-1,256,248,204,-1,256,204,203,-1,177,257,258,-1,259,260,261,-1,262,263,264,-1,265,266,267,-1,267,266,261,-1,268,269,270,-1,262,264,271,-1,271,264,267,-1,271,267,272,-1,272,267,261,-1,272,261,273,-1,274,275,270,-1,270,275,276,-1,270,276,268,-1,263,277,264,-1,264,277,278,-1,264,278,279,-1,280,281,264,-1,264,281,282,-1,283,284,285,-1,285,284,286,-1,282,287,264,-1,264,287,286,-1,264,286,288,-1,288,286,284,-1,279,289,264,-1,264,289,290,-1,264,290,280,-1,265,291,266,-1,266,291,292,-1,266,292,274,-1,293,294,295,-1,296,297,260,-1,260,297,298,-1,260,298,261,-1,261,298,299,-1,261,299,273,-1,300,301,302,-1,302,301,303,-1,302,303,304,-1,260,305,296,-1,296,305,302,-1,296,302,306,-1,306,302,304,-1,307,308,302,-1,302,308,309,-1,302,309,300,-1,269,310,270,-1,270,310,311,-1,270,311,312,-1,312,311,313,-1,312,313,314,-1,315,316,317,-1,315,318,316,-1,316,318,319,-1,316,319,320,-1,321,322,323,-1,323,322,324,-1,320,325,316,-1,316,325,326,-1,316,326,327,-1,321,328,322,-1,322,328,329,-1,322,329,330,-1,327,331,316,-1,316,331,332,-1,316,332,322,-1,322,332,333,-1,322,333,324,-1,329,334,330,-1,330,334,335,-1,330,335,336,-1,336,335,337,-1,336,337,338,-1,338,337,339,-1,338,339,317,-1,317,339,340,-1,317,340,315,-1,341,317,342,-1,342,317,316,-1,342,316,343,-1,343,316,344,-1,343,344,345,-1,345,344,346,-1,345,346,347,-1,347,346,348,-1,347,348,349,-1,349,348,350,-1,351,352,330,-1,353,354,322,-1,330,352,322,-1,322,352,355,-1,322,355,353,-1,225,356,226,-1,226,356,357,-1,226,357,227,-1,358,359,354,-1,354,359,360,-1,354,360,322,-1,322,360,361,-1,322,361,316,-1,316,361,362,-1,316,362,344,-1,344,362,363,-1,344,363,364,-1,173,175,365,-1,173,366,171,-1,171,366,367,-1,171,367,368,-1,369,178,177,-1,370,371,372,-1,372,371,373,-1,224,232,374,-1,374,232,373,-1,373,232,375,-1,373,375,372,-1,372,375,376,-1,372,376,377,-1,377,378,379,-1,378,377,380,-1,380,377,376,-1,380,376,381,-1,381,376,369,-1,381,369,379,-1,379,369,382,-1,379,382,377,-1,374,370,224,-1,224,370,372,-1,224,372,225,-1,225,372,354,-1,225,354,356,-1,356,354,353,-1,383,358,384,-1,384,358,354,-1,384,354,385,-1,385,354,372,-1,385,372,364,-1,364,372,377,-1,364,377,344,-1,344,377,382,-1,344,382,346,-1,386,338,261,-1,386,387,338,-1,338,387,388,-1,338,388,336,-1,336,388,389,-1,336,389,266,-1,266,389,390,-1,266,390,261,-1,261,390,391,-1,261,391,386,-1,392,393,394,-1,394,393,388,-1,394,388,395,-1,395,388,387,-1,395,387,396,-1,396,387,397,-1,341,349,317,-1,317,349,350,-1,317,350,338,-1,338,350,398,-1,338,398,261,-1,261,398,293,-1,261,293,259,-1,259,293,295,-1,399,400,270,-1,230,229,401,-1,274,270,266,-1,266,270,400,-1,266,400,402,-1,357,351,227,-1,227,351,330,-1,227,330,228,-1,228,330,336,-1,228,336,229,-1,229,336,266,-1,229,266,401,-1,401,266,402,-1,401,399,230,-1,230,399,270,-1,230,270,205,-1,205,270,312,-1,205,312,206,-1,206,312,403,-1,404,312,307,-1,307,312,314,-1,307,314,308,-1,405,404,406,-1,406,404,307,-1,406,307,407,-1,407,307,408,-1,407,408,409,-1,305,295,302,-1,302,295,294,-1,302,294,307,-1,307,294,410,-1,307,410,408,-1,408,410,367,-1,369,177,382,-1,382,177,258,-1,382,258,346,-1,346,258,411,-1,346,411,348,-1,348,411,412,-1,348,412,350,-1,350,412,413,-1,350,413,398,-1,398,413,414,-1,398,414,293,-1,293,414,415,-1,293,415,294,-1,294,415,416,-1,294,416,410,-1,410,416,417,-1,410,417,367,-1,367,417,418,-1,367,418,368,-1,419,403,420,-1,420,403,421,-1,420,421,422,-1,422,421,211,-1,422,211,423,-1,423,211,206,-1,423,206,419,-1,419,206,403,-1,404,424,312,-1,312,424,409,-1,312,409,403,-1,403,409,408,-1,403,408,421,-1,421,408,425,-1,425,426,427,-1,426,425,428,-1,428,425,408,-1,428,408,429,-1,429,408,367,-1,429,367,427,-1,427,367,366,-1,427,366,425,-1,173,365,366,-1,366,365,430,-1,366,430,425,-1,425,430,431,-1,425,431,421,-1,421,431,212,-1,421,212,211,-1,213,212,431,-1,175,174,365,-1,365,174,213,-1,365,213,430,-1,430,213,431,-1,432,176,433,-1,433,176,172,-1,368,418,434,-1,434,418,417,-1,434,417,416,-1,416,415,434,-1,434,415,414,-1,434,414,435,-1,435,414,413,-1,435,413,412,-1,412,411,435,-1,435,411,258,-1,435,258,257,-1,433,172,434,-1,434,172,171,-1,434,171,368,-1,375,232,240,-1,375,240,376,-1,376,240,369,-1,369,240,166,-1,369,166,178,-1,176,432,177,-1,177,432,435,-1,177,435,257,-1,162,199,208,-1,162,208,193,-1,193,208,209,-1,193,209,180,-1,180,209,210,-1,180,210,181,-1,181,210,215,-1,181,215,183,-1,183,215,214,-1,183,214,184,-1,184,214,213,-1,184,213,174,-1,166,240,239,-1,166,239,167,-1,167,239,238,-1,167,238,169,-1,169,238,237,-1,169,237,170,-1,170,237,236,-1,170,236,198,-1,198,236,235,-1,198,235,197,-1,197,235,234,-1,197,234,164,-1,436,245,437,-1,437,245,253,-1,438,251,439,-1,439,251,246,-1,439,246,436,-1,436,246,245,-1,216,251,217,-1,217,251,438,-1,253,222,437,-1,437,222,223,-1,440,244,441,-1,441,244,243,-1,442,254,443,-1,443,254,249,-1,443,249,440,-1,440,249,244,-1,220,254,221,-1,221,254,442,-1,243,233,441,-1,441,233,231,-1,242,241,444,-1,444,241,445,-1,255,256,446,-1,446,256,447,-1,445,241,446,-1,446,241,255,-1,252,248,448,-1,448,248,449,-1,247,250,450,-1,450,250,451,-1,449,248,450,-1,450,248,247,-1,250,218,451,-1,451,218,219,-1,204,252,207,-1,207,252,448,-1,256,203,447,-1,447,203,202,-1,200,242,201,-1,201,242,444,-1,452,453,196,-1,196,453,168,-1,454,455,179,-1,179,455,195,-1,454,453,455,-1,455,453,452,-1,454,179,453,-1,453,179,168,-1,455,452,195,-1,195,452,196,-1,456,457,189,-1,189,457,190,-1,458,459,187,-1,187,459,188,-1,458,457,459,-1,459,457,456,-1,458,187,457,-1,457,187,190,-1,459,456,188,-1,188,456,189,-1,460,461,185,-1,185,461,182,-1,462,463,192,-1,192,463,186,-1,186,463,185,-1,185,463,460,-1,460,463,461,-1,461,463,462,-1,461,462,182,-1,182,462,192,-1,464,465,191,-1,191,465,163,-1,466,467,165,-1,165,467,194,-1,194,467,191,-1,191,467,464,-1,464,467,465,-1,465,467,466,-1,465,466,163,-1,163,466,165,-1,
        ]
    }
}
Shape{
    appearance Appearance {
        material  Material 	{
            diffuseColor 1.0 1.0 1.0
            specularColor 0.8784313725490196 0.8784313725490196 0.8784313725490196
            ambientIntensity 1.0
            transparency 0.0
            shininess 0.5
        }
    }
    geometry IndexedFaceSet {
        ccw TRUE
        solid FALSE
        coord DEF co Coordinate {
            point [
                -1.5157 1.3102 0.2129, -1.2401 1.3102 0.2129, -1.5157 1.5701 0.2129, -1.2401 1.5701 0.2129, -1.6338 1.6882 0.2129, -1.122 1.6882 0.2129, -0.5315 1.3102 0.2129, -0.2559 1.3102 0.2129, -0.5315 1.5701 0.2129, -0.2559 1.5701 0.2129, -0.6496 1.6882 0.2129, -0.1378 1.6882 0.2129, 1.6339 1.6882 0.2129, 1.1221 1.6882 0.2129, 1.2402 1.5701 0.2129, 1.2402 1.3102 0.2129, 1.5158 1.3102 0.2129, 1.5158 1.5701 0.2129, 0.6496 1.6882 0.2129, 0.1378 1.6882 0.2129, 0.2559 1.5701 0.2129, 0.2559 1.3102 0.2129, 0.5315 1.3102 0.2129, 0.5315 1.5701 0.2129
            ]
        }
        coordIndex [
            0,1,2,-1,2,1,3,-1,2,3,4,-1,4,3,5,-1,6,7,8,-1,8,7,9,-1,8,9,10,-1,10,9,11,-1,12,13,14,-1,15,16,14,-1,14,16,17,-1,14,17,12,-1,18,19,20,-1,21,22,20,-1,20,22,23,-1,20,23,18,-1,
        ]
    }
}
Shape{
    appearance Appearance {
        material  Material 	{
            diffuseColor 0.6666666666666666 0.6666666666666666 0.6666666666666666
            specularColor 0.4666666666666667 0.4666666666666667 0.4666666666666667
            ambientIntensity 0.6667
            transparency 0.0
            shininess 0.5
        }
    }
    geometry IndexedFaceSet {
        ccw TRUE
        solid FALSE
        coord DEF co Coordinate {
            point [
                -0.2756 -0.0933 -1.2044, -0.2756 0.0051 -1.2044, -0.2756 -0.0933 -0.0233, -0.2756 0.0051 -0.0233, -0.5118 -0.0933 -1.2044, -0.5118 -0.0933 -0.0233, -0.5118 0.0051 -1.2044, -0.5118 0.0051 -0.0233, -1.2598 -0.0933 -1.2044, -1.2598 0.0051 -1.2044, -1.2598 -0.0933 -0.0233, -1.2598 0.0051 -0.0233, -1.4961 -0.0933 -1.2044, -1.4961 -0.0933 -0.0233, -1.4961 0.0051 -1.2044, -1.4961 0.0051 -0.0233, 0.2756 0.0051 -1.2044, 0.2756 -0.0933 -1.2044, 0.2756 0.0051 -0.0233, 0.2756 -0.0933 -0.0233, 0.5118 0.0051 -0.0233, 0.5118 0.0051 -1.2044, 0.4513 0.0051 -0.0233, 0.5118 -0.0933 -1.2044, 0.5118 -0.0933 -0.0233, 0.4513 -0.0933 -0.0233, 1.2599 0.0051 -1.2044, 1.2599 -0.0933 -1.2044, 1.2599 0.0051 -0.0233, 1.2599 -0.0933 -0.0233, 1.4961 0.0051 -1.2044, 1.4961 0.0051 -0.0233, 1.4961 -0.0933 -1.2044, 1.4961 -0.0933 -0.0233, 0.2756 1.0287 -1.2044, 0.2756 0.9303 -1.2044, 0.2756 1.0287 -0.0233, 0.2756 0.9303 -0.0233, 0.5118 1.0287 -0.0233, 0.5118 1.0287 -1.2044, 0.4513 1.0287 -0.0233, 0.5118 0.9303 -1.2044, 0.5118 0.9303 -0.0233, 0.4513 0.9303 -0.0233, 1.2599 1.0287 -1.2044, 1.2599 0.9303 -1.2044, 1.2599 1.0287 -0.0233, 1.2599 0.9303 -0.0233, 1.4961 1.0287 -1.2044, 1.4961 1.0287 -0.0233, 1.4961 0.9303 -1.2044, 1.4961 0.9303 -0.0233, -0.2756 0.9303 -1.2044, -0.2756 1.0287 -1.2044, -0.2756 0.9303 -0.0233, -0.2756 1.0287 -0.0233, -0.5118 0.9303 -1.2044, -0.5118 0.9303 -0.0233, -0.5118 1.0287 -1.2044, -0.5118 1.0287 -0.0233, -1.2598 0.9303 -1.2044, -1.2598 1.0287 -1.2044, -1.2598 0.9303 -0.0233, -1.2598 1.0287 -0.0233, -1.4961 0.9303 -1.2044, -1.4961 0.9303 -0.0233, -1.4961 1.0287 -1.2044, -1.4961 1.0287 -0.0233
            ]
        }
        coordIndex [
            0,1,2,-1,2,1,3,-1,4,0,5,-1,5,0,2,-1,6,4,7,-1,7,4,5,-1,1,6,3,-1,3,6,7,-1,4,6,0,-1,0,6,1,-1,8,9,10,-1,10,9,11,-1,12,8,13,-1,13,8,10,-1,14,12,15,-1,15,12,13,-1,9,14,11,-1,11,14,15,-1,12,14,8,-1,8,14,9,-1,16,17,18,-1,18,17,19,-1,20,21,22,-1,22,21,16,-1,22,16,18,-1,23,21,24,-1,24,21,20,-1,19,17,25,-1,25,17,23,-1,25,23,24,-1,21,23,16,-1,16,23,17,-1,26,27,28,-1,28,27,29,-1,30,26,31,-1,31,26,28,-1,32,30,33,-1,33,30,31,-1,27,32,29,-1,29,32,33,-1,30,32,26,-1,26,32,27,-1,34,35,36,-1,36,35,37,-1,38,39,40,-1,40,39,34,-1,40,34,36,-1,41,39,42,-1,42,39,38,-1,37,35,43,-1,43,35,41,-1,43,41,42,-1,39,41,34,-1,34,41,35,-1,44,45,46,-1,46,45,47,-1,48,44,49,-1,49,44,46,-1,50,48,51,-1,51,48,49,-1,45,50,47,-1,47,50,51,-1,48,50,44,-1,44,50,45,-1,52,53,54,-1,54,53,55,-1,56,52,57,-1,57,52,54,-1,58,56,59,-1,59,56,57,-1,53,58,55,-1,55,58,59,-1,56,58,52,-1,52,58,53,-1,60,61,62,-1,62,61,63,-1,64,60,65,-1,65,60,62,-1,66,64,67,-1,67,64,65,-1,61,66,63,-1,63,66,67,-1,64,66,60,-1,60,66,61,-1,
        ]
    }
}
Shape{
    appearance Appearance {
        material  Material 	{
            diffuseColor 1.0 1.0 1.0
            specularColor 0.8784313725490196 0.8784313725490196 0.8784313725490196
            ambientIntensity 1.0
            transparency 0.0
            shininess 0.5
        }
    }
    geometry IndexedFaceSet {
        ccw TRUE
        solid FALSE
        coord DEF co Coordinate {
            point [
                0.6674 0.4329 -0.0154, 0.821 0.8266 -0.0154, 0.6674 0.4329 -0.0233, 0.821 0.8266 -0.0233, 0.7634 0.8266 -0.0154, 0.7634 0.8266 -0.0233, 0.7236 0.7162 -0.0154, 0.7236 0.7162 -0.0233, 0.6664 0.7162 -0.0233, 0.5609 0.7162 -0.0154, 0.5609 0.7162 -0.0233, 0.5233 0.8266 -0.0154, 0.5233 0.8266 -0.0233, 0.4657 0.8266 -0.0154, 0.4657 0.8266 -0.0233, 0.6146 0.4329 -0.0154, 0.6146 0.4329 -0.0233, 0.6664 0.4329 -0.0233, 0.5742 0.673 -0.0154, 0.6329 0.5085 -0.0154, 0.6367 0.4949 -0.0154, 0.6392 0.4809 -0.0154, 0.6405 0.4809 -0.0154, 0.6431 0.4948 -0.0154, 0.7059 0.673 -0.0154, 0.6466 0.5085 -0.0154, 0.5742 0.673 -0.0233, 0.7059 0.673 -0.0233, 0.6329 0.5085 -0.0233, 0.6367 0.4949 -0.0233, 0.6392 0.4809 -0.0233, 0.6405 0.4809 -0.0233, 0.6431 0.4948 -0.0233, 0.6466 0.5085 -0.0233, 0.2271 0.8266 -0.0233, 0.2271 0.8266 -0.0154, 0.1978 0.8266 -0.0233, 0.12 0.8266 -0.0154, 0.12 0.8266 -0.0233, 0.12 0.4329 -0.0154, 0.12 0.4329 -0.0233, 0.1978 0.4329 -0.0233, 0.2311 0.4329 -0.0154, 0.2311 0.4329 -0.0233, 0.4369 0.6248 -0.0154, 0.4369 0.6248 -0.0233, 0.4341 0.5877 -0.0233, 0.4341 0.5877 -0.0154, 0.4235 0.549 -0.0233, 0.4235 0.549 -0.0154, 0.4052 0.5151 -0.0233, 0.4052 0.5151 -0.0154, 0.3773 0.4842 -0.0233, 0.3773 0.4842 -0.0154, 0.3769 0.4839 -0.0233, 0.3769 0.4839 -0.0154, 0.3341 0.4551 -0.0233, 0.3341 0.4551 -0.0154, 0.288 0.439 -0.0233, 0.288 0.439 -0.0154, 0.2758 0.8223 -0.0233, 0.2758 0.8223 -0.0154, 0.3212 0.8088 -0.0233, 0.3212 0.8088 -0.0154, 0.3623 0.7849 -0.0233, 0.3623 0.7849 -0.0154, 0.3947 0.7539 -0.0233, 0.3947 0.7539 -0.0154, 0.4173 0.7187 -0.0233, 0.4173 0.7187 -0.0154, 0.4314 0.6775 -0.0233, 0.4314 0.6775 -0.0154, 0.3579 0.5313 -0.0154, 0.3388 0.511 -0.0154, 0.31 0.4924 -0.0154, 0.2775 0.4811 -0.0154, 0.2309 0.4761 -0.0154, 0.1729 0.4761 -0.0154, 0.1729 0.7834 -0.0154, 0.2287 0.7834 -0.0154, 0.2703 0.7795 -0.0154, 0.3034 0.7692 -0.0154, 0.3303 0.7532 -0.0154, 0.3523 0.7314 -0.0154, 0.3689 0.7043 -0.0154, 0.3805 0.6673 -0.0154, 0.3841 0.6259 -0.0154, 0.3808 0.5867 -0.0154, 0.3716 0.5556 -0.0154, 0.2309 0.4761 -0.0233, 0.1729 0.4761 -0.0233, 0.2775 0.4811 -0.0233, 0.31 0.4924 -0.0233, 0.3388 0.511 -0.0233, 0.3579 0.5313 -0.0233, 0.3716 0.5556 -0.0233, 0.3808 0.5867 -0.0233, 0.3841 0.6259 -0.0233, 0.3805 0.6673 -0.0233, 0.3689 0.7043 -0.0233, 0.3523 0.7314 -0.0233, 0.3303 0.7532 -0.0233, 0.3034 0.7692 -0.0233, 0.2703 0.7795 -0.0233, 0.2287 0.7834 -0.0233, 0.1729 0.7834 -0.0233, 0.0432 0.7834 -0.0154, 0.0432 0.8266 -0.0154, 0.0432 0.7834 -0.0233, 0.0432 0.8266 -0.0233, -0.168 0.8266 -0.0154, -0.168 0.8266 -0.0233, -0.168 0.4329 -0.0154, -0.168 0.4329 -0.0233, 0.0336 0.4329 -0.0154, 0.0336 0.4329 -0.0233, 0.0336 0.4761 -0.0154, 0.0336 0.4761 -0.0233, -0.1152 0.4761 -0.0154, -0.1152 0.4761 -0.0233, -0.1152 0.6057 -0.0154, -0.1152 0.6057 -0.0233, 0.024 0.6057 -0.0154, 0.024 0.6057 -0.0233, 0.024 0.6489 -0.0154, 0.024 0.6489 -0.0233, -0.1152 0.6489 -0.0154, -0.1152 0.6489 -0.0233, -0.1152 0.7834 -0.0154, -0.1152 0.7834 -0.0233, -0.2449 0.763 -0.0154, -0.2449 0.8062 -0.0154, -0.2449 0.763 -0.0233, -0.2449 0.8062 -0.0233, -0.3532 0.8314 -0.0154, -0.3532 0.8314 -0.0233, -0.3424 0.8312 -0.0233, -0.3424 0.8312 -0.0154, -0.2868 0.8234 -0.0233, -0.2868 0.8234 -0.0154, -0.5377 0.6372 -0.0154, -0.5377 0.6372 -0.0233, -0.5339 0.6828 -0.0233, -0.5248 0.715 -0.0233, -0.5221 0.7244 -0.0154, -0.5339 0.6828 -0.0154, -0.5221 0.7244 -0.0233, -0.5011 0.7619 -0.0233, -0.5011 0.7619 -0.0154, -0.4715 0.793 -0.0233, -0.4715 0.793 -0.0154, -0.4399 0.8132 -0.0233, -0.4399 0.8132 -0.0154, -0.4017 0.8264 -0.0233, -0.4017 0.8264 -0.0154, -0.3375 0.4281 -0.0154, -0.3375 0.4281 -0.0233, -0.377 0.4313 -0.0154, -0.3669 0.4305 -0.0233, -0.377 0.4313 -0.0233, -0.4209 0.4441 -0.0233, -0.4209 0.4441 -0.0154, -0.4583 0.4656 -0.0233, -0.4583 0.4656 -0.0154, -0.4939 0.4998 -0.0233, -0.4939 0.4998 -0.0154, -0.5169 0.5366 -0.0233, -0.5248 0.5597 -0.0233, -0.5321 0.5812 -0.0154, -0.5169 0.5366 -0.0154, -0.5321 0.5812 -0.0233, -0.3027 0.4305 -0.0233, -0.2904 0.4313 -0.0154, -0.2904 0.4313 -0.0233, -0.2449 0.4437 -0.0154, -0.2449 0.4437 -0.0233, -0.2449 0.4965 -0.0154, -0.2449 0.4965 -0.0233, -0.3371 0.4713 -0.0154, -0.3371 0.4713 -0.0233, -0.2892 0.4775 -0.0233, -0.2892 0.4775 -0.0154, -0.4849 0.6339 -0.0154, -0.4849 0.6339 -0.0233, -0.483 0.6033 -0.0233, -0.483 0.6033 -0.0154, -0.4725 0.5612 -0.0233, -0.4725 0.5612 -0.0154, -0.4563 0.5308 -0.0233, -0.4563 0.5308 -0.0154, -0.4325 0.5045 -0.0233, -0.4325 0.5045 -0.0154, -0.4053 0.4863 -0.0233, -0.4053 0.4863 -0.0154, -0.3758 0.4757 -0.0233, -0.3758 0.4757 -0.0154, -0.3459 0.7882 -0.0154, -0.3459 0.7882 -0.0233, -0.3826 0.7841 -0.0233, -0.3826 0.7841 -0.0154, -0.4113 0.7735 -0.0233, -0.4113 0.7735 -0.0154, -0.4355 0.7572 -0.0233, -0.4355 0.7572 -0.0154, -0.4539 0.7377 -0.0233, -0.4539 0.7377 -0.0154, -0.4702 0.7104 -0.0233, -0.4702 0.7104 -0.0154, -0.4809 0.6766 -0.0233, -0.4809 0.6766 -0.0154, -0.2519 0.7669 -0.0233, -0.2519 0.7669 -0.0154, -0.2936 0.7824 -0.0233, -0.2936 0.7824 -0.0154, -0.5713 0.7834 -0.0154, -0.5713 0.8266 -0.0154, -0.5713 0.7834 -0.0233, -0.5713 0.8266 -0.0233, -0.773 0.8266 -0.0154, -0.773 0.8266 -0.0233, -0.773 0.4329 -0.0154, -0.773 0.4329 -0.0233, -0.7202 0.4329 -0.0154, -0.7202 0.4329 -0.0233, -0.7202 0.7834 -0.0154, -0.7202 0.7834 -0.0233
            ]
        }
        coordIndex [
            0,1,2,-1,2,1,3,-1,1,4,3,-1,3,4,5,-1,4,6,5,-1,5,6,7,-1,7,6,8,-1,8,6,9,-1,8,9,10,-1,9,11,10,-1,10,11,12,-1,11,13,12,-1,12,13,14,-1,13,15,14,-1,14,15,16,-1,16,15,17,-1,17,15,0,-1,17,0,2,-1,18,19,15,-1,13,11,9,-1,19,20,15,-1,15,20,21,-1,15,21,0,-1,0,21,22,-1,0,22,23,-1,15,13,18,-1,18,13,9,-1,18,9,24,-1,24,9,6,-1,23,25,0,-1,0,25,24,-1,0,24,1,-1,1,24,6,-1,1,6,4,-1,18,24,26,-1,26,24,27,-1,19,18,28,-1,28,18,26,-1,19,28,29,-1,19,29,20,-1,20,29,30,-1,20,30,21,-1,22,21,31,-1,31,21,30,-1,22,31,32,-1,22,32,23,-1,23,32,33,-1,23,33,25,-1,24,25,27,-1,27,25,33,-1,34,35,36,-1,36,35,37,-1,36,37,38,-1,37,39,38,-1,38,39,40,-1,40,39,41,-1,41,39,42,-1,41,42,43,-1,44,45,46,-1,44,46,47,-1,47,46,48,-1,47,48,49,-1,49,48,50,-1,49,50,51,-1,51,50,52,-1,51,52,53,-1,53,52,54,-1,53,54,55,-1,55,54,56,-1,55,56,57,-1,57,56,58,-1,57,58,59,-1,59,58,43,-1,59,43,42,-1,35,34,60,-1,35,60,61,-1,61,60,62,-1,61,62,63,-1,63,62,64,-1,63,64,65,-1,65,64,66,-1,65,66,67,-1,67,66,68,-1,67,68,69,-1,69,68,70,-1,69,70,71,-1,71,70,45,-1,71,45,44,-1,49,51,72,-1,72,51,53,-1,72,53,73,-1,73,53,55,-1,73,55,74,-1,74,55,57,-1,74,57,75,-1,75,57,59,-1,75,59,76,-1,76,59,42,-1,76,42,77,-1,77,42,39,-1,77,39,78,-1,78,39,37,-1,78,37,79,-1,79,37,35,-1,79,35,80,-1,80,35,61,-1,80,61,81,-1,81,61,63,-1,81,63,82,-1,82,63,65,-1,82,65,83,-1,83,65,67,-1,83,67,84,-1,84,67,69,-1,84,69,85,-1,85,69,71,-1,85,71,86,-1,86,71,44,-1,86,44,87,-1,87,44,47,-1,87,47,88,-1,88,47,49,-1,88,49,72,-1,76,77,89,-1,89,77,90,-1,76,89,91,-1,76,91,75,-1,75,91,92,-1,75,92,74,-1,74,92,93,-1,74,93,73,-1,73,93,94,-1,73,94,72,-1,72,94,95,-1,72,95,88,-1,88,95,96,-1,88,96,87,-1,87,96,97,-1,87,97,86,-1,86,97,98,-1,86,98,85,-1,85,98,99,-1,85,99,84,-1,84,99,100,-1,84,100,83,-1,83,100,101,-1,83,101,82,-1,82,101,102,-1,82,102,81,-1,81,102,103,-1,81,103,80,-1,80,103,104,-1,80,104,79,-1,78,79,105,-1,105,79,104,-1,77,78,90,-1,90,78,105,-1,106,107,108,-1,108,107,109,-1,107,110,109,-1,109,110,111,-1,110,112,111,-1,111,112,113,-1,112,114,113,-1,113,114,115,-1,114,116,115,-1,115,116,117,-1,116,118,117,-1,117,118,119,-1,118,120,119,-1,119,120,121,-1,120,122,121,-1,121,122,123,-1,122,124,123,-1,123,124,125,-1,124,126,125,-1,125,126,127,-1,126,128,127,-1,127,128,129,-1,128,106,129,-1,129,106,108,-1,110,107,106,-1,106,128,110,-1,110,128,126,-1,110,126,112,-1,116,114,118,-1,118,114,112,-1,118,112,120,-1,120,112,126,-1,120,126,122,-1,122,126,124,-1,130,131,132,-1,132,131,133,-1,134,135,136,-1,134,136,137,-1,137,136,138,-1,137,138,139,-1,139,138,133,-1,139,133,131,-1,140,141,142,-1,143,144,142,-1,142,144,145,-1,142,145,140,-1,143,146,144,-1,144,146,147,-1,144,147,148,-1,148,147,149,-1,148,149,150,-1,150,149,151,-1,150,151,152,-1,152,151,153,-1,152,153,154,-1,154,153,135,-1,154,135,134,-1,155,156,157,-1,157,156,158,-1,158,159,157,-1,157,159,160,-1,157,160,161,-1,161,160,162,-1,161,162,163,-1,163,162,164,-1,163,164,165,-1,165,164,166,-1,167,168,166,-1,166,168,169,-1,166,169,165,-1,167,170,168,-1,168,170,141,-1,168,141,140,-1,156,155,171,-1,171,155,172,-1,171,172,173,-1,173,172,174,-1,173,174,175,-1,174,176,175,-1,175,176,177,-1,178,179,180,-1,178,180,181,-1,181,180,177,-1,181,177,176,-1,182,183,184,-1,182,184,185,-1,185,184,186,-1,185,186,187,-1,187,186,188,-1,187,188,189,-1,189,188,190,-1,189,190,191,-1,191,190,192,-1,191,192,193,-1,193,192,194,-1,193,194,195,-1,195,194,179,-1,195,179,178,-1,196,197,198,-1,196,198,199,-1,199,198,200,-1,199,200,201,-1,201,200,202,-1,201,202,203,-1,203,202,204,-1,203,204,205,-1,205,204,206,-1,205,206,207,-1,207,206,208,-1,207,208,209,-1,209,208,183,-1,209,183,182,-1,130,132,210,-1,130,210,211,-1,211,210,212,-1,211,212,213,-1,213,212,197,-1,213,197,196,-1,199,134,196,-1,196,134,137,-1,196,137,213,-1,213,137,139,-1,213,139,211,-1,211,139,131,-1,211,131,130,-1,176,174,181,-1,181,174,172,-1,181,172,178,-1,178,172,155,-1,178,155,195,-1,195,155,157,-1,195,157,193,-1,193,157,161,-1,193,161,191,-1,191,161,163,-1,191,163,189,-1,189,163,165,-1,189,165,187,-1,187,165,169,-1,187,169,185,-1,185,169,168,-1,185,168,182,-1,182,168,140,-1,182,140,209,-1,209,140,145,-1,209,145,207,-1,207,145,144,-1,207,144,205,-1,205,144,148,-1,205,148,203,-1,203,148,150,-1,203,150,201,-1,201,150,152,-1,201,152,199,-1,199,152,154,-1,199,154,134,-1,214,215,216,-1,216,215,217,-1,215,218,217,-1,217,218,219,-1,218,220,219,-1,219,220,221,-1,220,222,221,-1,221,222,223,-1,222,224,223,-1,223,224,225,-1,224,214,225,-1,225,214,216,-1,222,220,224,-1,224,220,218,-1,224,218,214,-1,214,218,215,-1,
        ]
    }
}
Shape{
    appearance Appearance {
        material  Material 	{
            diffuseColor 0.7019607843137254 0.7019607843137254 0.7019607843137254
            specularColor 0.050980392156862744 0.050980392156862744 0.050980392156862744
            ambientIntensity 1.0
            transparency 0.0
            shininess 0.5
        }
    }
    geometry IndexedFaceSet {
        ccw TRUE
        solid FALSE
        coord DEF co Coordinate {
            point [
                0.5742 0.673 -0.0233, 0.7059 0.673 -0.0233, 0.6329 0.5085 -0.0233, 0.6466 0.5085 -0.0233, 0.6367 0.4949 -0.0233, 0.6431 0.4948 -0.0233, 0.6392 0.4809 -0.0233, 0.6405 0.4809 -0.0233, 0.1729 0.4761 -0.0233, 0.1729 0.7834 -0.0233, 0.2309 0.4761 -0.0233, 0.2287 0.7834 -0.0233, 0.2703 0.7795 -0.0233, 0.3841 0.6259 -0.0233, 0.3808 0.5867 -0.0233, 0.3716 0.5556 -0.0233, 0.2775 0.4811 -0.0233, 0.3034 0.7692 -0.0233, 0.3303 0.7532 -0.0233, 0.3523 0.7314 -0.0233, 0.3689 0.7043 -0.0233, 0.3805 0.6673 -0.0233, 0.3579 0.5313 -0.0233, 0.3388 0.511 -0.0233, 0.31 0.4924 -0.0233, 1.8701 -3.115 0.2917, 1.8701 -2.9181 0.4885, -1.8701 -3.115 0.2917, -1.8701 -2.9181 0.4885
            ]
        }
        coordIndex [
            0,1,2,-1,2,1,3,-1,2,3,4,-1,4,3,5,-1,4,5,6,-1,6,5,7,-1,8,9,10,-1,10,9,11,-1,10,11,12,-1,13,14,10,-1,10,14,15,-1,10,15,16,-1,12,17,10,-1,10,17,18,-1,10,18,19,-1,19,20,10,-1,10,20,21,-1,10,21,13,-1,22,23,15,-1,15,23,24,-1,15,24,16,-1,25,26,27,-1,27,26,28,-1,
        ]
    }
}
Shape{
    appearance Appearance {
        material  Material 	{
            diffuseColor 0.6666666666666666 0.6666666666666666 0.6666666666666666
            specularColor 0.4666666666666667 0.4666666666666667 0.4666666666666667
            ambientIntensity 0.6667
            transparency 0.0
            shininess 0.5
        }
    }
    geometry IndexedFaceSet {
        ccw TRUE
        solid FALSE
        coord DEF co Coordinate {
            point [
                -2.4606 -4.7291 2.7326, 2.4606 -4.7291 2.7326, -2.4606 -4.7291 3.8743, 2.4606 -4.7291 3.8743, 2.5591 1.7669 0.5279, 2.5591 1.7669 3.835, -2.559 1.7669 0.5279, 2.3622 1.7669 3.835, -2.559 1.7669 3.835, -2.3622 1.7669 3.835, -2.3622 1.7669 5.961, 2.3622 1.7669 5.961, -2.559 1.885 0.5279, -2.559 1.885 3.835, 2.5591 1.885 0.5279, -2.3622 1.885 3.835, 2.5591 1.885 3.835, 2.3622 1.885 3.835, 2.3622 1.885 5.961, -2.3622 1.885 5.961, 2.3819 1.6882 2.7326, 2.3819 1.6882 2.6145, -2.3819 1.6882 2.7326, -2.3819 1.6882 2.6145, -2.3622 1.8811 5.996, -2.3622 1.7656 5.9712, -2.3622 1.8695 6.0293, -2.3622 1.7617 5.9806, -2.3622 1.8507 6.0592, -2.3622 1.7554 5.9888, -2.3622 1.8258 6.0841, -2.3622 1.7473 5.9951, -2.3622 1.6882 6.0003, -2.3622 1.6882 6.1184, -2.3622 1.7276 6.0003, -2.3622 1.7276 6.1184, -2.3622 1.7378 5.999, -2.3622 1.7626 6.1145, -2.3622 1.7959 6.1028, -2.5787 -4.7875 0.8205, -2.5787 -4.8079 0.8232, -2.5787 -4.8079 5.7838, -2.5787 -2.165 1.0446, -2.5787 -2.1507 1.0572, -2.5787 1.4913 0.7247, -2.5787 -2.1398 1.0729, -2.5787 -2.1307 5.4973, -2.5787 -2.133 5.5163, -2.5787 1.6882 5.9216, -2.5787 -4.0947 5.2307, -2.5787 -4.0992 5.1932, -2.5787 -4.7522 5.8069, -2.5787 -2.2196 1.0315, -2.5787 -2.2005 1.0314, -2.5787 -2.1819 1.0358, -2.5787 -2.1398 2.1483, -2.5787 -2.1507 2.1639, -2.5787 -2.1307 4.4955, -2.5787 -2.1398 5.5341, -2.5787 -2.1507 5.5498, -2.5787 -2.165 5.5623, -2.5787 -1.5795 0.7142, -2.5787 -1.5958 0.7017, -2.5787 -3.962 1.2575, -2.5787 -4.7318 5.8422, -2.5787 -4.7291 5.8625, -2.5787 -2.2196 5.5754, -2.5787 -2.2005 5.5756, -2.5787 -4.7291 5.9216, -2.5787 -2.1819 5.5711, -2.5787 0.78 0.4302, -2.5787 0.7721 0.4492, -2.5787 -4.7685 5.7943, -2.5787 -4.0992 4.7995, -2.5787 -4.0947 4.7621, -2.5787 -2.165 2.1765, -2.5787 -2.1819 2.1853, -2.5787 -2.2005 2.1897, -2.5787 -2.133 4.4765, -2.5787 0.7827 0.4098, -2.5787 1.4913 0.2113, -2.5787 0.7827 0.2113, -2.5787 -1.4845 0.7017, -2.5787 -1.472 0.6854, -2.5787 -1.4641 0.6664, -2.5787 -1.6083 0.6854, -2.5787 -4.7291 0.6854, -2.5787 -2.1819 4.4217, -2.5787 -2.165 4.4304, -2.5787 -4.7397 5.8232, -2.5787 -3.962 5.3494, -2.5787 -3.9986 5.3401, -2.5787 -2.133 1.0907, -2.5787 -2.1307 1.1096, -2.5787 1.6882 0.7247, -2.5787 -2.1307 2.1115, -2.5787 -2.133 2.1304, -2.5787 0.7596 0.4655, -2.5787 0.7433 0.478, -2.5787 0.7243 0.4858, -2.5787 -0.7134 0.478, -2.5787 -0.7297 0.4655, -2.5787 -0.7422 0.4492, -2.5787 -1.4614 0.646, -2.5787 -4.7291 0.7444, -2.5787 -4.7318 0.7648, -2.5787 -4.7397 0.7838, -2.5787 -3.9986 1.2669, -2.5787 -4.0319 1.2846, -2.5787 -4.0814 4.7267, -2.5787 -4.06 4.6956, -2.5787 -3.962 1.9636, -2.5787 -4.0319 4.6704, -2.5787 -2.1507 4.443, -2.5787 -2.1398 4.4587, -2.5787 -0.7527 0.2113, -2.5787 -1.4614 0.2113, -2.5787 -0.7527 0.4098, -2.5787 -0.7501 0.4302, -2.5787 -1.5008 0.7142, -2.5787 -1.5198 0.7221, -2.5787 -1.5402 0.7247, -2.5787 -1.5605 0.7221, -2.5787 -4.0319 1.9365, -2.5787 -4.06 1.9114, -2.5787 -4.7875 5.7865, -2.5787 -4.0814 1.8802, -2.5787 -3.9986 1.9543, -2.5787 -3.9986 4.6527, -2.5787 -3.962 4.6434, -2.5787 -2.2196 2.1896, -2.5787 -2.2196 4.4174, -2.5787 -2.2005 4.4172, -2.5787 -4.0319 5.3224, -2.5787 -4.06 5.2972, -2.5787 -4.0814 5.2661, -2.5787 -4.0992 1.4137, -2.5787 -4.7522 0.8001, -2.5787 -4.0992 1.8074, -2.5787 -4.7685 0.8126, -2.5787 -4.0947 1.8449, -2.5787 0.7039 0.4885, -2.5787 -0.674 0.4885, -2.5787 -0.6944 0.4858, -2.5787 -4.0947 1.3762, -2.5787 -4.0814 1.3409, -2.5787 -4.06 1.3098, -2.4606 -4.611 2.6145, -2.4606 -2.2005 4.4172, -2.4606 -2.2196 4.4174, -2.4606 -4.0814 4.7267, -2.4606 -4.7685 5.7943, -2.4606 -4.7875 5.7865, -2.4606 -1.5795 0.7142, -2.4606 -1.5605 0.7221, -2.4606 -2.1307 1.1096, -2.4606 -1.5402 0.7247, -2.4606 1.4913 0.7247, -2.4606 0.7433 0.478, -2.4606 0.7596 0.4655, -2.4606 0.7243 0.4858, -2.4606 0.7721 0.4492, -2.4606 0.78 0.4302, -2.4606 1.4913 0.2113, -2.4606 0.7827 0.4098, -2.4606 0.7827 0.2113, -2.4606 -4.0814 1.3409, -2.4606 -4.0947 1.3762, -2.4606 -4.0992 1.4137, -2.4606 -4.0992 1.8074, -2.4606 -4.0947 1.8449, -2.4606 -4.6416 2.6185, -2.4606 -4.8079 0.8232, -2.4606 -4.7875 0.8205, -2.4606 -4.7397 0.7838, -2.4606 -3.962 1.2575, -2.4606 -3.9986 1.2669, -2.4606 -2.2196 1.0315, -2.4606 -3.962 4.6434, -2.4606 -3.9986 4.6527, -2.4606 -4.611 3.9925, -2.4606 -4.0319 4.6704, -2.4606 -4.06 4.6956, -2.4606 -2.133 1.0907, -2.4606 -2.1398 1.0729, -2.4606 -1.5958 0.7017, -2.4606 -2.1507 1.0572, -2.4606 -2.165 1.0446, -2.4606 -2.1307 2.1115, -2.4606 -0.7422 0.4492, -2.4606 -0.6944 0.4858, -2.4606 -0.674 0.4885, -2.4606 0.7039 0.4885, -2.4606 -2.1819 4.4217, -2.4606 -2.165 4.4304, -2.4606 -4.6701 2.6303, -2.4606 -4.6945 2.6491, -2.4606 -4.7133 2.6736, -2.4606 -4.7685 0.8126, -2.4606 -4.7522 0.8001, -2.4606 -4.06 1.3098, -2.4606 -4.0319 1.2846, -2.4606 -2.1819 1.0358, -2.4606 -2.2005 1.0314, -2.4606 -1.6083 0.6854, -2.4606 -1.5198 0.7221, -2.4606 -1.5008 0.7142, -2.4606 -1.4845 0.7017, -2.4606 -1.4614 0.646, -2.4606 -1.4614 0.2113, -2.4606 -0.7527 0.2113, -2.4606 -2.2005 2.1897, -2.4606 -2.1819 2.1853, -2.4606 -2.165 2.1765, -2.4606 -2.1507 2.1639, -2.4606 -4.0992 5.1932, -2.4606 -4.7522 5.8069, -2.4606 -4.0992 4.7995, -2.4606 -4.0947 4.7621, -2.4606 -4.8079 5.7838, -2.4606 -4.7251 3.9049, -2.4606 -4.7133 3.9334, -2.4606 -4.6416 3.9884, -2.4606 -4.7318 0.7648, -2.4606 -4.7291 0.7444, -2.4606 -4.7291 0.6854, -2.4606 -1.472 0.6854, -2.4606 -1.4641 0.6664, -2.4606 -0.7501 0.4302, -2.4606 -0.7527 0.4098, -2.4606 -4.0814 1.8802, -2.4606 -4.06 1.9114, -2.4606 -4.0319 1.9365, -2.4606 -3.9986 1.9543, -2.4606 -0.7134 0.478, -2.4606 -0.7297 0.4655, -2.4606 -2.1398 2.1483, -2.4606 -2.133 2.1304, -2.4606 -4.6945 3.9579, -2.4606 -4.6701 3.9766, -2.4606 -3.962 1.9636, -2.4606 -2.2196 2.1896, -2.4606 -2.165 5.5623, -2.4606 -2.1507 5.5498, -2.4606 1.6882 5.9216, -2.4606 -2.1398 5.5341, -2.4606 -2.133 5.5163, -2.4606 1.6882 0.7247, -2.4606 -2.1307 5.4973, -2.4606 -2.1307 4.4955, -2.4606 -2.133 4.4765, -2.4606 -2.1398 4.4587, -2.4606 -2.1507 4.443, -2.4606 -4.0947 5.2307, -2.4606 -4.0814 5.2661, -2.4606 -4.7397 5.8232, -2.4606 -4.06 5.2972, -2.4606 -4.0319 5.3224, -2.4606 -4.7251 2.702, -2.4606 -3.962 5.3494, -2.4606 -4.7291 5.9216, -2.4606 -3.9986 5.3401, -2.4606 -4.7291 5.8625, -2.4606 -4.7318 5.8422, -2.4606 -2.2196 5.5754, -2.4606 -2.2005 5.5756, -2.4606 -2.1819 5.5711
            ]
        }
        coordIndex [
            0,1,2,-1,2,1,3,-1,4,5,6,-1,6,5,7,-1,8,6,9,-1,9,6,7,-1,9,7,10,-1,10,7,11,-1,12,13,14,-1,14,13,15,-1,16,14,17,-1,17,14,15,-1,17,15,18,-1,18,15,19,-1,20,21,22,-1,22,21,23,-1,15,9,19,-1,19,9,10,-1,19,10,24,-1,24,10,25,-1,24,25,26,-1,26,25,27,-1,26,27,28,-1,28,27,29,-1,28,29,30,-1,30,29,31,-1,32,33,34,-1,34,33,35,-1,34,35,36,-1,36,35,37,-1,36,37,31,-1,31,37,38,-1,31,38,30,-1,39,40,41,-1,42,43,44,-1,44,43,45,-1,46,47,48,-1,49,50,51,-1,52,53,44,-1,44,53,54,-1,44,54,42,-1,48,55,56,-1,46,48,57,-1,47,58,48,-1,48,58,59,-1,48,59,60,-1,61,62,63,-1,64,65,66,-1,66,65,67,-1,65,68,67,-1,67,68,48,-1,67,48,69,-1,69,48,60,-1,44,70,71,-1,51,50,72,-1,72,50,73,-1,72,73,74,-1,56,75,48,-1,48,75,76,-1,48,76,57,-1,57,76,77,-1,57,77,78,-1,70,44,79,-1,79,44,80,-1,79,80,81,-1,82,44,83,-1,83,44,84,-1,62,85,86,-1,77,87,88,-1,64,66,89,-1,89,66,90,-1,89,90,91,-1,45,92,44,-1,44,92,93,-1,44,93,94,-1,94,93,95,-1,94,95,48,-1,48,95,96,-1,48,96,55,-1,71,97,44,-1,44,97,98,-1,44,98,99,-1,100,101,84,-1,84,101,102,-1,84,102,103,-1,86,104,62,-1,62,104,105,-1,62,105,63,-1,63,105,106,-1,63,106,107,-1,107,106,108,-1,109,110,111,-1,111,110,112,-1,88,113,77,-1,77,113,114,-1,77,114,78,-1,115,116,117,-1,117,116,103,-1,117,103,118,-1,118,103,102,-1,82,119,44,-1,44,119,120,-1,44,120,52,-1,52,120,121,-1,52,121,63,-1,63,121,122,-1,63,122,61,-1,123,124,125,-1,125,124,126,-1,74,109,72,-1,72,109,111,-1,72,111,125,-1,125,111,127,-1,125,127,123,-1,112,128,111,-1,111,128,129,-1,111,129,130,-1,130,129,131,-1,130,131,77,-1,77,131,132,-1,77,132,87,-1,91,133,89,-1,89,133,134,-1,89,134,51,-1,51,134,135,-1,51,135,49,-1,136,137,138,-1,138,137,139,-1,41,125,39,-1,39,125,126,-1,39,126,139,-1,139,126,140,-1,139,140,138,-1,99,141,44,-1,44,141,142,-1,44,142,84,-1,84,142,143,-1,84,143,100,-1,136,144,137,-1,137,144,145,-1,137,145,106,-1,106,145,146,-1,106,146,108,-1,147,148,149,-1,150,151,152,-1,153,154,155,-1,155,154,156,-1,157,158,159,-1,158,157,160,-1,159,161,157,-1,157,161,162,-1,157,162,163,-1,163,162,164,-1,163,164,165,-1,147,166,167,-1,167,168,147,-1,147,168,169,-1,147,169,170,-1,171,172,147,-1,147,172,173,-1,147,173,166,-1,174,175,176,-1,175,174,177,-1,149,178,147,-1,147,178,179,-1,147,179,180,-1,180,179,181,-1,180,181,182,-1,155,183,153,-1,153,183,184,-1,153,184,185,-1,185,184,186,-1,185,186,187,-1,188,155,189,-1,190,191,148,-1,148,191,192,-1,192,160,148,-1,148,160,157,-1,148,157,193,-1,193,157,194,-1,171,195,172,-1,172,195,196,-1,172,196,197,-1,173,198,166,-1,166,198,199,-1,166,199,200,-1,200,199,174,-1,200,174,201,-1,201,174,176,-1,187,202,185,-1,185,202,203,-1,185,203,204,-1,156,205,155,-1,155,205,206,-1,155,206,189,-1,189,206,207,-1,208,209,210,-1,211,212,148,-1,148,212,213,-1,148,213,214,-1,215,216,217,-1,217,216,151,-1,217,151,218,-1,218,151,150,-1,219,220,221,-1,182,150,180,-1,180,150,152,-1,180,152,222,-1,222,152,219,-1,174,223,177,-1,177,223,224,-1,177,224,203,-1,203,224,225,-1,203,225,204,-1,207,226,189,-1,189,226,227,-1,189,227,228,-1,228,227,208,-1,228,208,229,-1,229,208,210,-1,170,230,147,-1,147,230,231,-1,147,231,148,-1,148,231,232,-1,148,232,233,-1,190,148,234,-1,234,148,214,-1,234,214,235,-1,235,214,236,-1,235,236,189,-1,189,236,237,-1,189,237,188,-1,221,238,219,-1,219,238,239,-1,219,239,222,-1,233,240,148,-1,148,240,241,-1,148,241,211,-1,242,243,244,-1,243,245,244,-1,244,245,246,-1,244,246,247,-1,247,246,248,-1,247,248,249,-1,249,250,247,-1,247,250,251,-1,247,251,157,-1,157,251,252,-1,157,252,194,-1,215,253,216,-1,216,253,254,-1,216,254,255,-1,255,254,256,-1,255,256,257,-1,197,258,172,-1,172,258,0,-1,172,0,219,-1,219,0,2,-1,219,2,220,-1,259,260,261,-1,261,260,262,-1,261,262,257,-1,257,262,263,-1,257,263,255,-1,259,264,260,-1,260,264,265,-1,260,265,244,-1,244,265,266,-1,244,266,242,-1,
        ]
    }
}
Shape{
    appearance Appearance {
        material  Material 	{
            diffuseColor 0.7019607843137254 0.7019607843137254 0.7019607843137254
            specularColor 0.050980392156862744 0.050980392156862744 0.050980392156862744
            ambientIntensity 1.0
            transparency 0.0
            shininess 0.5
        }
    }
    geometry IndexedFaceSet {
        ccw TRUE
        solid FALSE
        coord DEF co Coordinate {
            point [
                -2.3819 1.6882 6.0003, -2.3819 -4.7291 6.0003, -2.4023 1.6882 5.9977, -2.4023 -4.7291 5.9977, -2.4212 1.6882 5.9898, -2.4212 -4.7291 5.9898, -2.4376 1.6882 5.9773, -2.4376 -4.7291 5.9773, -2.4501 1.6882 5.961, -2.4501 -4.7291 5.961, -2.4579 1.6882 5.942, -2.4579 -4.7291 5.942, -2.4606 1.6882 5.9216, -2.4606 -4.7291 5.9216
            ]
        }
        coordIndex [
            0,1,2,-1,2,1,3,-1,2,3,4,-1,4,3,5,-1,4,5,6,-1,6,5,7,-1,6,7,8,-1,8,7,9,-1,8,9,10,-1,10,9,11,-1,10,11,12,-1,12,11,13,-1,
        ]
    }
}
Shape{
    appearance Appearance {
        material  Material 	{
            diffuseColor 0.6666666666666666 0.6666666666666666 0.6666666666666666
            specularColor 0.4666666666666667 0.4666666666666667 0.4666666666666667
            ambientIntensity 0.6667
            transparency 0.0
            shininess 0.5
        }
    }
    geometry IndexedFaceSet {
        ccw TRUE
        solid FALSE
        coord DEF co Coordinate {
            point [
                -2.3819 -4.7291 6.1184, -2.3819 1.6882 6.1184, -2.4328 1.6882 6.1117, -2.4328 -4.7291 6.1117, -2.4803 1.6882 6.0921, -2.4803 -4.7291 6.0921, -2.5211 1.6882 6.0608, -2.5211 -4.7291 6.0608, -2.5524 1.6882 6.02, -2.5524 -4.7291 6.02, -2.572 1.6882 5.9725, -2.572 -4.7291 5.9725, -2.5787 1.6882 5.9216, -2.5787 -4.7291 5.9216, -2.4606 1.4913 0.7247, -2.5787 1.4913 0.7247, -2.4606 1.6882 0.7247, -2.5787 1.6882 0.7247, 2.3622 1.7669 3.835, 2.3622 1.885 3.835, 2.3622 1.7669 5.961, 2.3622 1.885 5.961, 2.3622 1.7656 5.9712, 2.3622 1.8811 5.996, 2.3622 1.7617 5.9806, 2.3622 1.8695 6.0293, 2.3622 1.7554 5.9888, 2.3622 1.6882 6.1184, 2.3622 1.6882 6.0003, 2.3622 1.7276 6.1184, 2.3622 1.7276 6.0003, 2.3622 1.7626 6.1145, 2.3622 1.7378 5.999, 2.3622 1.7959 6.1028, 2.3622 1.7473 5.9951, 2.3622 1.8258 6.0841, 2.3622 1.8507 6.0592, 2.6943 1.3236 -1.4796, 3.1469 1.4081 -0.6283, 3.1469 0.866 -0.6283, 2.6503 1.0121 -1.5623, 2.6454 1.0393 -1.5716, 2.6943 0.9504 -1.4796, 2.6437 1.0682 -1.5748, 2.6437 1.2058 -1.5748, 2.6454 1.2348 -1.5716, 2.6503 1.262 -1.5623, 2.6582 1.2857 -1.5474, 2.6686 1.3046 -1.5278, 2.6809 1.3175 -1.5048, 2.6809 0.9565 -1.5048, 2.6686 0.9694 -1.5278, 2.6582 0.9883 -1.5474, 2.5394 1.2113 -1.5194, 2.5394 1.0627 -1.5194, 2.546 1.2675 -1.5069, 2.5411 1.2403 -1.5162, 2.59 1.3291 -1.4242, 3.0426 1.4136 -0.5729, 3.0426 0.8605 -0.5729, 2.59 0.9449 -1.4242, 2.5411 1.0338 -1.5162, 2.546 1.0066 -1.5069, 2.5766 1.323 -1.4493, 2.5644 1.3101 -1.4724, 2.5539 1.2912 -1.492, 2.5539 0.9828 -1.492, 2.5644 0.9639 -1.4724, 2.5766 0.951 -1.4493, 3.0309 0.8515 -0.4825, 3.0309 1.4225 -0.4825, 3.0422 1.421 -0.4982, 3.0422 0.8531 -0.4982, 3.0494 1.4192 -0.5163, 3.0494 0.8548 -0.5163, 3.0518 1.4173 -0.5355, 3.0518 0.8568 -0.5355, 3.0496 1.4154 -0.5548, 3.0496 0.8587 -0.5548, 2.513 1.4781 0.0776, 2.513 0.7959 0.0776, 2.4606 0.7827 0.2113, 2.4606 1.4913 0.2113, 2.4667 1.4865 0.1628, 2.4667 0.7875 0.1628, 2.4845 1.482 0.1173, 2.4845 0.792 0.1173, 2.5997 0.788 0.1578, 2.5997 1.486 0.1578, 2.5883 1.4876 0.1737, 2.5883 0.7864 0.1737, 2.5812 1.4894 0.1919, 2.5812 0.7846 0.1919, 2.5788 1.4913 0.2113, 2.5788 0.7827 0.2113, 3.1176 0.8435 -0.4023, 3.1176 1.4305 -0.4023, 3.1642 1.4126 -0.583, 3.1642 0.8615 -0.583, 3.17 1.4173 -0.5349, 3.17 0.8567 -0.5349, 3.1637 1.4221 -0.4868, 3.1637 0.8519 -0.4868, 3.1459 1.4266 -0.4417, 3.1459 0.8474 -0.4417, 2.4606 1.4913 0.7247, 2.5788 1.4913 0.7247, 2.4606 0.7827 0.4098, 2.5788 0.7827 0.4098
            ]
        }
        coordIndex [
            0,1,2,-1,0,2,3,-1,3,2,4,-1,3,4,5,-1,5,4,6,-1,5,6,7,-1,7,6,8,-1,7,8,9,-1,9,8,10,-1,9,10,11,-1,11,10,12,-1,11,12,13,-1,14,15,16,-1,16,15,17,-1,18,19,20,-1,20,19,21,-1,20,21,22,-1,22,21,23,-1,22,23,24,-1,24,23,25,-1,24,25,26,-1,27,28,29,-1,29,28,30,-1,29,30,31,-1,31,30,32,-1,31,32,33,-1,33,32,34,-1,33,34,35,-1,35,34,26,-1,35,26,36,-1,36,26,25,-1,37,38,39,-1,40,41,42,-1,42,41,43,-1,42,43,39,-1,39,43,44,-1,39,44,37,-1,37,44,45,-1,37,45,46,-1,46,47,37,-1,37,47,48,-1,37,48,49,-1,50,51,42,-1,42,51,52,-1,42,52,40,-1,44,43,53,-1,53,43,54,-1,55,56,57,-1,57,56,53,-1,57,53,58,-1,58,53,59,-1,59,53,54,-1,59,54,60,-1,60,54,61,-1,60,61,62,-1,63,64,57,-1,57,64,65,-1,57,65,55,-1,62,66,60,-1,60,66,67,-1,60,67,68,-1,69,70,71,-1,69,71,72,-1,72,71,73,-1,72,73,74,-1,74,73,75,-1,74,75,76,-1,76,75,77,-1,76,77,78,-1,78,77,58,-1,78,58,59,-1,70,69,79,-1,79,69,80,-1,81,82,83,-1,81,83,84,-1,84,83,85,-1,84,85,86,-1,86,85,79,-1,86,79,80,-1,87,88,89,-1,87,89,90,-1,90,89,91,-1,90,91,92,-1,92,91,93,-1,92,93,94,-1,87,95,88,-1,88,95,96,-1,39,38,97,-1,39,97,98,-1,98,97,99,-1,98,99,100,-1,100,99,101,-1,100,101,102,-1,102,101,103,-1,102,103,104,-1,104,103,96,-1,104,96,95,-1,82,105,93,-1,93,105,106,-1,107,81,108,-1,108,81,94,-1,
        ]
    }
}
Shape{
    appearance Appearance {
        material  Material 	{
            diffuseColor 1.0 1.0 1.0
            specularColor 0.8784313725490196 0.8784313725490196 0.8784313725490196
            ambientIntensity 1.0
            transparency 0.0
            shininess 0.5
        }
    }
    geometry IndexedFaceSet {
        ccw TRUE
        solid FALSE
        coord DEF co Coordinate {
            point [
                2.3819 -4.611 3.8743, 2.3819 -1.6189 3.8743, 2.3819 -4.611 3.9925, 2.3819 -1.6189 3.9925
            ]
        }
        coordIndex [
            0,1,2,-1,2,1,3,-1,
        ]
    }
}
Shape{
    appearance Appearance {
        material  Material 	{
            diffuseColor 0.6666666666666666 0.6666666666666666 0.6666666666666666
            specularColor 0.4666666666666667 0.4666666666666667 0.4666666666666667
            ambientIntensity 0.6667
            transparency 0.0
            shininess 0.5
        }
    }
    geometry IndexedFaceSet {
        ccw TRUE
        solid FALSE
        coord DEF co Coordinate {
            point [
                0.6341 -2.5203 3.8743, 0.6305 -2.5007 3.8743, 1.7871 -2.4482 3.8743, 1.8068 -2.4457 3.8743, 1.7686 -2.4555 3.8743, 1.7526 -2.4673 3.8743, 1.74 -2.4827 3.8743, -2.3819 -4.611 3.8743, -1.7787 -4.5166 3.8743, -1.7704 -4.5346 3.8743, -1.8068 -2.4457 3.8743, -1.8249 -2.4478 3.8743, -2.3819 -1.6189 3.8743, -1.842 -2.454 3.8743, 1.7704 -4.5346 3.8743, 2.3819 -4.611 3.8743, 1.7578 -4.55 3.8743, 1.7418 -4.5618 3.8743, 1.6798 -3.4434 3.8743, 0.6824 -3.4434 3.8743, 1.7282 -2.5203 3.8743, 1.7317 -2.5007 3.8743, -1.8572 -2.464 3.8743, -1.8698 -2.4772 3.8743, -1.8789 -2.4929 3.8743, -1.7578 -4.55 3.8743, -1.7418 -4.5618 3.8743, -1.7233 -4.5691 3.8743, -0.6222 -2.4827 3.8743, -1.7526 -2.4673 3.8743, -1.7686 -2.4555 3.8743, -0.5918 -4.5346 3.8743, 0.6044 -4.55 3.8743, 0.6204 -4.5618 3.8743, -1.8843 -2.5103 3.8743, -1.8854 -2.5285 3.8743, -1.7822 -4.497 3.8743, -0.5751 -2.4482 3.8743, -0.5936 -2.4555 3.8743, -0.6096 -2.4673 3.8743, 0.6389 -4.5691 3.8743, 0.6586 -4.5716 3.8743, -0.6044 -4.55 3.8743, 0.5936 -2.4555 3.8743, 2.3819 -1.6189 3.8743, 0.6096 -2.4673 3.8743, 0.6222 -2.4827 3.8743, -1.7871 -2.4482 3.8743, 1.7036 -4.5716 3.8743, 1.7233 -4.5691 3.8743, 1.8843 -2.5103 3.8743, 1.879 -2.4929 3.8743, 1.8698 -2.4772 3.8743, 1.8573 -2.464 3.8743, 1.842 -2.454 3.8743, 1.8249 -2.4478 3.8743, 0.5202 -2.454 3.8743, 0.505 -2.464 3.8743, -1.7036 -4.5716 3.8743, -0.6586 -4.5716 3.8743, -0.6389 -4.5691 3.8743, -0.6204 -4.5618 3.8743, 1.7787 -4.5166 3.8743, 1.7823 -4.497 3.8743, 1.8854 -2.5285 3.8743, -0.6824 -3.4434 3.8743, -1.6798 -3.4434 3.8743, -0.634 -2.5203 3.8743, -1.7281 -2.5203 3.8743, -0.6305 -2.5007 3.8743, -1.7317 -2.5007 3.8743, -1.74 -2.4827 3.8743, 0.5751 -2.4482 3.8743, 0.5554 -2.4457 3.8743, 0.5373 -2.4478 3.8743, -0.5373 -2.4478 3.8743, -0.5554 -2.4457 3.8743, 0.4924 -2.4772 3.8743, -0.5049 -2.464 3.8743, -0.5202 -2.454 3.8743, 0.478 -2.5103 3.8743, -0.4779 -2.5103 3.8743, -0.4832 -2.4929 3.8743, 0.4833 -2.4929 3.8743, -0.4924 -2.4772 3.8743, -0.4768 -2.5285 3.8743, 0.4768 -2.5285 3.8743, -0.5799 -4.497 3.8743, 0.58 -4.497 3.8743, -0.5835 -4.5166 3.8743, 0.5835 -4.5166 3.8743, 0.5918 -4.5346 3.8743
            ]
        }
        coordIndex [
            0,1,2,-1,2,1,3,-1,2,4,0,-1,0,4,5,-1,0,5,6,-1,7,8,9,-1,10,11,12,-1,12,11,13,-1,14,15,16,-1,16,15,17,-1,18,19,20,-1,20,19,0,-1,20,0,21,-1,21,0,6,-1,13,22,12,-1,12,22,23,-1,12,23,24,-1,9,25,7,-1,7,25,26,-1,7,26,27,-1,28,29,30,-1,31,32,33,-1,24,34,12,-1,12,34,35,-1,12,35,7,-1,7,35,36,-1,7,36,8,-1,37,38,12,-1,12,38,39,-1,12,39,28,-1,33,40,31,-1,31,40,41,-1,31,41,42,-1,43,44,45,-1,45,44,3,-1,45,3,46,-1,46,3,1,-1,28,30,12,-1,12,30,47,-1,12,47,10,-1,41,48,15,-1,15,48,49,-1,15,49,17,-1,50,51,44,-1,44,51,52,-1,44,52,53,-1,53,54,44,-1,44,54,55,-1,44,55,3,-1,56,57,12,-1,27,58,7,-1,7,58,59,-1,7,59,15,-1,15,59,60,-1,15,60,41,-1,41,60,61,-1,41,61,42,-1,14,62,15,-1,15,62,63,-1,15,63,44,-1,44,63,64,-1,44,64,50,-1,65,66,67,-1,67,66,68,-1,67,68,69,-1,69,68,70,-1,69,70,28,-1,28,70,71,-1,28,71,29,-1,43,72,44,-1,44,72,73,-1,44,73,12,-1,12,73,74,-1,12,74,56,-1,57,75,12,-1,12,75,76,-1,12,76,37,-1,77,78,57,-1,57,78,79,-1,57,79,75,-1,80,81,82,-1,77,83,78,-1,78,83,80,-1,78,80,84,-1,84,80,82,-1,81,80,85,-1,85,80,86,-1,85,86,87,-1,87,86,88,-1,87,88,89,-1,89,88,90,-1,89,90,31,-1,31,90,91,-1,31,91,32,-1,
        ]
    }
}
Shape{
    appearance Appearance {
        material  Material 	{
            diffuseColor 1.0 1.0 1.0
            specularColor 0.8784313725490196 0.8784313725490196 0.8784313725490196
            ambientIntensity 1.0
            transparency 0.0
            shininess 0.5
        }
    }
    geometry IndexedFaceSet {
        ccw TRUE
        solid FALSE
        coord DEF co Coordinate {
            point [
                -2.3819 -4.611 3.9925, -2.3819 -1.6189 3.9925, -2.3819 -4.611 3.8743, -2.3819 -1.6189 3.8743
            ]
        }
        coordIndex [
            0,1,2,-1,2,1,3,-1,
        ]
    }
}
Shape{
    appearance Appearance {
        material  Material 	{
            diffuseColor 0.6666666666666666 0.6666666666666666 0.6666666666666666
            specularColor 0.4666666666666667 0.4666666666666667 0.4666666666666667
            ambientIntensity 0.6667
            transparency 0.0
            shininess 0.5
        }
    }
    geometry IndexedFaceSet {
        ccw TRUE
        solid FALSE
        coord DEF co Coordinate {
            point [
                0.8358 -4.2149 3.8808, 1.5264 -4.2149 3.8808, 0.838 -4.2567 3.9531, 1.5243 -4.2567 3.9531, -1.5264 -4.2149 3.8808, -0.8358 -4.2149 3.8808, -1.5242 -4.2567 3.9531, -0.838 -4.2567 3.9531, 1.6445 -4.1173 3.9371, 1.6423 -4.159 4.0095, 1.6371 -4.1846 3.9947, 1.6393 -4.1428 3.9224, 1.6247 -4.2082 3.9811, 1.6269 -4.1664 3.9088, 1.6059 -4.2283 3.9695, 1.6081 -4.1866 3.8971, 1.5818 -4.2437 3.9606, 1.584 -4.202 3.8882, 1.554 -4.2534 3.955, 1.5562 -4.2116 3.8827, 0.7044 -3.8621 4.1809, 1.6578 -3.8621 4.1809, 1.6598 -3.8242 4.1966, 0.7024 -3.8242 4.1966, 1.662 -3.7834 4.202, 0.7003 -3.7834 4.202, 1.6641 -3.7426 4.1966, 0.6981 -3.7426 4.1966, 1.6661 -3.7047 4.1809, 0.6961 -3.7047 4.1809, 1.6678 -3.672 4.1559, 0.6944 -3.672 4.1559, 0.7804 -4.2437 3.9606, 0.8083 -4.2534 3.955, 0.7199 -4.159 4.0095, 0.7251 -4.1846 3.9947, 0.7375 -4.2082 3.9811, 0.7563 -4.2283 3.9695, 0.7178 -4.1173 3.9371, 0.7229 -4.1428 3.9224, 0.7353 -4.1664 3.9088, 0.7542 -4.1866 3.8971, 0.7783 -4.202 3.8882, 0.8061 -4.2116 3.8827, 1.6599 -3.8236 4.1067, 0.7024 -3.8236 4.1067, 0.6974 -3.7285 4.0942, 1.6648 -3.7285 4.0942, 1.6641 -3.7419 4.1049, 0.6981 -3.7419 4.1049, 1.6633 -3.7573 4.1125, 0.6989 -3.7573 4.1125, 1.6625 -3.7739 4.1166, 0.6998 -3.7739 4.1166, 1.6616 -3.7911 4.117, 0.7007 -3.7911 4.117, 1.6607 -3.8079 4.1136, 0.7015 -3.8079 4.1136, 0.6883 -3.5548 3.9205, 1.674 -3.5548 3.9205, 0.6871 -3.5317 4.0155, 1.6752 -3.5317 4.0155, -1.554 -4.2534 3.955, -1.5561 -4.2116 3.8827, -1.5818 -4.2437 3.9606, -1.5839 -4.202 3.8882, -1.6059 -4.2283 3.9695, -1.6081 -4.1866 3.8971, -1.6247 -4.2082 3.9811, -1.6269 -4.1664 3.9088, -1.6371 -4.1846 3.9947, -1.6393 -4.1428 3.9224, -1.6423 -4.159 4.0095, -1.6445 -4.1173 3.9371, -0.6883 -3.5548 3.9205, -0.6974 -3.7285 4.0942, -1.6739 -3.5548 3.9205, -1.6648 -3.7285 4.0942, -0.7023 -3.8236 4.1067, -1.6598 -3.8236 4.1067, -1.6607 -3.8079 4.1136, -0.7015 -3.8079 4.1136, -1.6615 -3.7911 4.117, -0.7006 -3.7911 4.117, -1.6624 -3.7739 4.1166, -0.6997 -3.7739 4.1166, -1.6633 -3.7573 4.1125, -0.6989 -3.7573 4.1125, -1.6641 -3.7419 4.1049, -0.6981 -3.7419 4.1049, -0.7782 -4.202 3.8882, -0.806 -4.2116 3.8827, -0.7177 -4.1173 3.9371, -0.7229 -4.1428 3.9224, -0.7353 -4.1664 3.9088, -0.7541 -4.1866 3.8971, -0.8082 -4.2534 3.955, -0.7804 -4.2437 3.9606, -0.7563 -4.2283 3.9695, -0.7375 -4.2082 3.9811, -0.7251 -4.1846 3.9947, -0.7199 -4.159 4.0095, -1.6578 -3.8621 4.1809, -0.7044 -3.8621 4.1809, -0.6944 -3.672 4.1559, -1.6678 -3.672 4.1559, -1.6661 -3.7047 4.1809, -0.6961 -3.7047 4.1809, -1.6641 -3.7426 4.1966, -0.6981 -3.7426 4.1966, -1.6619 -3.7834 4.202, -0.7002 -3.7834 4.202, -1.6598 -3.8242 4.1966, -0.7024 -3.8242 4.1966, -0.687 -3.5317 4.0155, -1.6751 -3.5317 4.0155, -0.6841 -3.476 3.9925, -1.6781 -3.476 3.9925, -1.6773 -3.4914 3.994, -0.6849 -3.4914 3.994, -1.6765 -3.5062 3.9985, -0.6857 -3.5062 3.9985, -1.6758 -3.5198 4.0057, -0.6864 -3.5198 4.0057, 1.6758 -3.5198 4.0057, 0.6864 -3.5198 4.0057, 1.6765 -3.5062 3.9985, 0.6857 -3.5062 3.9985, 1.6773 -3.4914 3.994, 0.685 -3.4914 3.994, 1.6781 -3.476 3.9925, 0.6841 -3.476 3.9925, 0.6824 -3.4434 3.8743, 1.6798 -3.4434 3.8743, 1.6782 -3.4741 3.8774, 0.684 -3.4741 3.8774, 1.6766 -3.5037 3.8863, 0.6856 -3.5037 3.8863, 1.6752 -3.5309 3.9009, 0.687 -3.5309 3.9009, 1.7282 -2.5203 3.8743, 1.7282 -2.5203 3.9925, 1.7317 -2.5007 3.9925, 1.7317 -2.5007 3.8743, 1.74 -2.4827 3.9925, 1.74 -2.4827 3.8743, 1.7526 -2.4673 3.9925, 1.7526 -2.4673 3.8743, 1.7686 -2.4555 3.9925, 1.7686 -2.4555 3.8743, 1.7871 -2.4482 3.9925, 1.7871 -2.4482 3.8743, 1.8068 -2.4457 3.9925, 1.8068 -2.4457 3.8743, 1.8854 -2.5285 3.8743, 1.8854 -2.5285 3.9925, 1.8843 -2.5103 3.8743, 1.8843 -2.5103 3.9925, 1.879 -2.4929 3.8743, 1.879 -2.4929 3.9925, 1.8698 -2.4772 3.8743, 1.8698 -2.4772 3.9925, 1.8573 -2.464 3.8743, 1.8573 -2.464 3.9925, 1.842 -2.454 3.8743, 1.842 -2.454 3.9925, 1.8249 -2.4478 3.8743, 1.8249 -2.4478 3.9925, 1.7823 -4.497 3.8743, 1.7823 -4.497 3.9925, 1.7036 -4.5716 3.8743, 1.7036 -4.5716 3.9925, 1.7233 -4.5691 3.8743, 1.7233 -4.5691 3.9925, 1.7418 -4.5618 3.8743, 1.7418 -4.5618 3.9925, 1.7578 -4.55 3.8743, 1.7578 -4.55 3.9925, 1.7704 -4.5346 3.8743, 1.7704 -4.5346 3.9925, 1.7787 -4.5166 3.8743, 1.7787 -4.5166 3.9925, 0.6586 -4.5716 3.9925, 0.6586 -4.5716 3.8743, 0.58 -4.497 3.8743, 0.58 -4.497 3.9925, 0.5835 -4.5166 3.8743, 0.5835 -4.5166 3.9925, 0.5918 -4.5346 3.8743, 0.5918 -4.5346 3.9925, 0.6044 -4.55 3.8743, 0.6044 -4.55 3.9925, 0.6204 -4.5618 3.8743, 0.6204 -4.5618 3.9925, 0.6389 -4.5691 3.8743, 0.6389 -4.5691 3.9925, 0.4768 -2.5285 3.9925, 0.4768 -2.5285 3.8743, 0.5554 -2.4457 3.8743, 0.5554 -2.4457 3.9925, 0.5373 -2.4478 3.8743, 0.5373 -2.4478 3.9925, 0.5202 -2.454 3.8743, 0.5202 -2.454 3.9925, 0.505 -2.464 3.8743, 0.505 -2.464 3.9925, 0.4924 -2.4772 3.8743, 0.4924 -2.4772 3.9925, 0.4833 -2.4929 3.8743, 0.4833 -2.4929 3.9925, 0.478 -2.5103 3.8743, 0.478 -2.5103 3.9925, 0.6341 -2.5203 3.8743, 0.6341 -2.5203 3.9925, 0.6305 -2.5007 3.8743, 0.6305 -2.5007 3.9925, 0.6222 -2.4827 3.8743, 0.6222 -2.4827 3.9925, 0.6096 -2.4673 3.8743, 0.6096 -2.4673 3.9925, 0.5936 -2.4555 3.8743, 0.5936 -2.4555 3.9925, 0.5751 -2.4482 3.8743, 0.5751 -2.4482 3.9925, -0.5554 -2.4457 3.8743, -0.5554 -2.4457 3.9925, -0.5751 -2.4482 3.8743, -0.5751 -2.4482 3.9925, -0.5936 -2.4555 3.8743, -0.5936 -2.4555 3.9925, -0.6096 -2.4673 3.8743, -0.6096 -2.4673 3.9925, -0.6222 -2.4827 3.8743, -0.6222 -2.4827 3.9925, -0.6305 -2.5007 3.8743, -0.6305 -2.5007 3.9925, -0.634 -2.5203 3.8743, -0.634 -2.5203 3.9925, -0.4768 -2.5285 3.8743, -0.4768 -2.5285 3.9925, -0.4779 -2.5103 3.8743, -0.4779 -2.5103 3.9925, -0.4832 -2.4929 3.8743, -0.4832 -2.4929 3.9925, -0.4924 -2.4772 3.8743, -0.4924 -2.4772 3.9925, -0.5049 -2.464 3.8743, -0.5049 -2.464 3.9925, -0.5202 -2.454 3.8743, -0.5202 -2.454 3.9925, -0.5373 -2.4478 3.8743, -0.5373 -2.4478 3.9925, -0.5799 -4.497 3.9925, -0.5799 -4.497 3.8743, -0.6586 -4.5716 3.8743, -0.6586 -4.5716 3.9925, -0.6389 -4.5691 3.8743, -0.6389 -4.5691 3.9925, -0.6204 -4.5618 3.8743, -0.6204 -4.5618 3.9925, -0.6044 -4.55 3.8743, -0.6044 -4.55 3.9925, -0.5918 -4.5346 3.8743, -0.5918 -4.5346 3.9925, -0.5835 -4.5166 3.8743, -0.5835 -4.5166 3.9925, -1.7036 -4.5716 3.9925, -1.7036 -4.5716 3.8743, -1.7822 -4.497 3.8743, -1.7822 -4.497 3.9925, -1.7787 -4.5166 3.8743, -1.7787 -4.5166 3.9925, -1.7704 -4.5346 3.8743, -1.7704 -4.5346 3.9925, -1.7578 -4.55 3.8743, -1.7578 -4.55 3.9925, -1.7418 -4.5618 3.8743, -1.7418 -4.5618 3.9925, -1.7233 -4.5691 3.8743, -1.7233 -4.5691 3.9925, -1.8854 -2.5285 3.8743, -1.8854 -2.5285 3.9925, -1.8068 -2.4457 3.8743, -1.8068 -2.4457 3.9925, -1.8249 -2.4478 3.8743, -1.8249 -2.4478 3.9925, -1.842 -2.454 3.8743, -1.842 -2.454 3.9925, -1.8572 -2.464 3.8743, -1.8572 -2.464 3.9925, -1.8698 -2.4772 3.8743, -1.8698 -2.4772 3.9925, -1.8789 -2.4929 3.8743, -1.8789 -2.4929 3.9925, -1.8843 -2.5103 3.8743, -1.8843 -2.5103 3.9925, -1.7871 -2.4482 3.9925, -1.7871 -2.4482 3.8743, -1.7686 -2.4555 3.9925, -1.7686 -2.4555 3.8743, -1.7526 -2.4673 3.9925, -1.7526 -2.4673 3.8743, -1.74 -2.4827 3.9925, -1.74 -2.4827 3.8743, -1.7317 -2.5007 3.9925, -1.7317 -2.5007 3.8743, -1.7281 -2.5203 3.9925, -1.7281 -2.5203 3.8743, -1.6752 -3.5309 3.9009, -1.6766 -3.5037 3.8863, -1.6782 -3.4741 3.8774, -1.6798 -3.4434 3.8743, -0.687 -3.5309 3.9009, -0.6856 -3.5037 3.8863, -0.684 -3.4741 3.8774, -0.6824 -3.4434 3.8743, 2.3819 -1.6189 3.9925, -2.3819 -4.611 3.9925, 2.3819 -4.611 3.9925, -2.3819 -1.6189 3.9925, 2.3819 -1.6189 3.8743, -2.3819 -1.6189 3.8743, 0.5751 -2.4482 2.6145, 0.5554 -2.4457 2.6145, 2.3819 1.6882 2.6145, 1.7871 -2.4482 2.6145, 1.7686 -2.4555 2.6145, 0.6305 -2.5007 2.6145, 1.7526 -2.4673 2.6145, 1.74 -2.4827 2.6145, 1.7282 -2.5203 2.6145, 1.6781 -3.476 2.6145, 0.6841 -3.476 2.6145, 1.7317 -2.5007 2.6145, 0.6341 -2.5203 2.6145, -2.3819 -4.611 2.6145, -1.7787 -4.5166 2.6145, -1.7704 -4.5346 2.6145, 0.6044 -4.55 2.6145, 0.6204 -4.5618 2.6145, 0.5936 -2.4555 2.6145, -2.3819 1.6882 2.6145, -1.8068 -2.4457 2.6145, -1.8249 -2.4478 2.6145, -0.5918 -4.5346 2.6145, -0.6044 -4.55 2.6145, -0.6204 -4.5618 2.6145, 2.3819 -4.611 2.6145, 1.7233 -4.5691 2.6145, 1.7418 -4.5618 2.6145, -1.7822 -4.497 2.6145, -1.7578 -4.55 2.6145, -1.7418 -4.5618 2.6145, -1.7233 -4.5691 2.6145, 0.6389 -4.5691 2.6145, 0.6586 -4.5716 2.6145, 1.7036 -4.5716 2.6145, 1.7578 -4.55 2.6145, 1.7704 -4.5346 2.6145, 1.7787 -4.5166 2.6145, -1.842 -2.454 2.6145, -1.8572 -2.464 2.6145, -1.8698 -2.4772 2.6145, -1.74 -2.4827 2.6145, -0.5751 -2.4482 2.6145, -1.7526 -2.4673 2.6145, -1.7686 -2.4555 2.6145, -1.7871 -2.4482 2.6145, -1.8789 -2.4929 2.6145, -1.8843 -2.5103 2.6145, -1.8854 -2.5285 2.6145, -0.6222 -2.4827 2.6145, -0.6305 -2.5007 2.6145, -1.6781 -3.476 2.6145, -0.634 -2.5203 2.6145, -0.6841 -3.476 2.6145, 1.879 -2.4929 2.6145, 1.8698 -2.4772 2.6145, 1.8068 -2.4457 2.6145, 0.6222 -2.4827 2.6145, 0.6096 -2.4673 2.6145, -1.7036 -4.5716 2.6145, -0.6586 -4.5716 2.6145, -0.6389 -4.5691 2.6145, -0.5936 -2.4555 2.6145, -0.6096 -2.4673 2.6145, -1.7317 -2.5007 2.6145, -1.7281 -2.5203 2.6145, 1.8249 -2.4478 2.6145, 1.8573 -2.464 2.6145, 1.842 -2.454 2.6145, 0.5373 -2.4478 2.6145, -0.5554 -2.4457 2.6145, 0.4833 -2.4929 2.6145, 0.478 -2.5103 2.6145, -0.5049 -2.464 2.6145, 1.7823 -4.497 2.6145, 1.8854 -2.5285 2.6145, 1.8843 -2.5103 2.6145, 0.5202 -2.454 2.6145, 0.505 -2.464 2.6145, -0.5373 -2.4478 2.6145, -0.5202 -2.454 2.6145, 0.4924 -2.4772 2.6145, -0.4779 -2.5103 2.6145, -0.4832 -2.4929 2.6145, -0.4924 -2.4772 2.6145, -0.4768 -2.5285 2.6145, 0.4768 -2.5285 2.6145, -0.5799 -4.497 2.6145, 0.58 -4.497 2.6145, -0.5835 -4.5166 2.6145, 0.5835 -4.5166 2.6145, 0.5918 -4.5346 2.6145, -2.3819 -4.611 2.7326, -2.4606 -4.611 2.6145, -2.4606 -4.611 3.9925, -2.3819 -4.611 3.8743, 2.4606 -4.611 3.9925, 2.4606 -4.611 2.6145, 2.3819 -4.611 2.7326, 2.3819 -4.611 3.8743, -1.7233 -4.5691 2.7326, -1.7418 -4.5618 2.7326, -1.74 -2.4827 2.7326, 2.3819 1.6882 2.7326, -1.7526 -2.4673 2.7326, -1.7686 -2.4555 2.7326, -1.7578 -4.55 2.7326, -1.7704 -4.5346 2.7326, -1.7787 -4.5166 2.7326, -0.6204 -4.5618 2.7326, -0.6389 -4.5691 2.7326, -0.6586 -4.5716 2.7326, -1.7036 -4.5716 2.7326, 1.7233 -4.5691 2.7326, 1.7418 -4.5618 2.7326, 1.7578 -4.55 2.7326, -1.7871 -2.4482 2.7326, -2.3819 1.6882 2.7326, -1.8068 -2.4457 2.7326, 0.6204 -4.5618 2.7326, 0.6044 -4.55 2.7326, -1.7281 -2.5203 2.7326, -1.6798 -3.4434 2.7326, -0.6824 -3.4434 2.7326, -1.8698 -2.4772 2.7326, -1.8572 -2.464 2.7326, -1.8789 -2.4929 2.7326, -1.842 -2.454 2.7326, -1.8249 -2.4478 2.7326, -0.634 -2.5203 2.7326, -0.6305 -2.5007 2.7326, -1.7317 -2.5007 2.7326, -0.6222 -2.4827 2.7326, 1.7036 -4.5716 2.7326, 0.6586 -4.5716 2.7326, 0.6389 -4.5691 2.7326, -1.7822 -4.497 2.7326, -1.8854 -2.5285 2.7326, -1.8843 -2.5103 2.7326, 1.7526 -2.4673 2.7326, 1.7686 -2.4555 2.7326, 0.6222 -2.4827 2.7326, 1.7871 -2.4482 2.7326, -0.5835 -4.5166 2.7326, -0.5918 -4.5346 2.7326, -0.6044 -4.55 2.7326, 0.5554 -2.4457 2.7326, 0.5751 -2.4482 2.7326, 0.5936 -2.4555 2.7326, 1.8068 -2.4457 2.7326, 1.8249 -2.4478 2.7326, 0.6824 -3.4434 2.7326, 1.6798 -3.4434 2.7326, 0.6341 -2.5203 2.7326, 1.7282 -2.5203 2.7326, 0.6305 -2.5007 2.7326, 1.7317 -2.5007 2.7326, 1.74 -2.4827 2.7326, 1.7823 -4.497 2.7326, 1.7787 -4.5166 2.7326, 1.7704 -4.5346 2.7326, 0.6096 -2.4673 2.7326, 1.842 -2.454 2.7326, 1.8573 -2.464 2.7326, 1.8698 -2.4772 2.7326, 1.879 -2.4929 2.7326, 1.8843 -2.5103 2.7326, 1.8854 -2.5285 2.7326, -0.5202 -2.454 2.7326, 0.4768 -2.5285 2.7326, -0.5373 -2.4478 2.7326, -0.5554 -2.4457 2.7326, 0.478 -2.5103 2.7326, 0.4833 -2.4929 2.7326, 0.4924 -2.4772 2.7326, -0.5049 -2.464 2.7326, -0.4924 -2.4772 2.7326, -0.4832 -2.4929 2.7326, 0.505 -2.464 2.7326, 0.5202 -2.454 2.7326, 0.5373 -2.4478 2.7326, -0.6096 -2.4673 2.7326, -0.5936 -2.4555 2.7326, -0.5751 -2.4482 2.7326, 0.5918 -4.5346 2.7326, 0.5835 -4.5166 2.7326, -0.5799 -4.497 2.7326, 0.58 -4.497 2.7326, -0.4768 -2.5285 2.7326, -0.4779 -2.5103 2.7326, -0.8358 -4.2149 2.7262, -1.5264 -4.2149 2.7262, -0.838 -4.2567 2.6539, -1.5242 -4.2567 2.6539, 1.5264 -4.2149 2.7262, 0.8358 -4.2149 2.7262, 1.5243 -4.2567 2.6539, 0.838 -4.2567 2.6539, -0.7199 -4.159 2.5975, -0.7177 -4.1173 2.6698, -0.7229 -4.1428 2.6846, -0.7251 -4.1846 2.6123, -0.7353 -4.1664 2.6982, -0.7375 -4.2082 2.6259, -0.7541 -4.1866 2.7098, -0.7563 -4.2283 2.6375, -0.7782 -4.202 2.7187, -0.7804 -4.2437 2.6464, -0.806 -4.2116 2.7243, -0.8082 -4.2534 2.652, -0.7044 -3.8621 2.4261, -1.6578 -3.8621 2.4261, -1.6598 -3.8242 2.4104, -0.7024 -3.8242 2.4104, -1.6619 -3.7834 2.405, -0.7002 -3.7834 2.405, -1.6641 -3.7426 2.4104, -0.6981 -3.7426 2.4104, -1.6661 -3.7047 2.4261, -0.6961 -3.7047 2.4261, -1.6678 -3.672 2.4511, -0.6944 -3.672 2.4511, -0.687 -3.5317 2.5914, -1.6751 -3.5317 2.5914, -0.6974 -3.7285 2.5128, -0.6883 -3.5548 2.6865, -1.6648 -3.7285 2.5128, -1.6739 -3.5548 2.6865, -1.664 -3.7448 2.5002, -0.6982 -3.7448 2.5002, -1.663 -3.7638 2.4924, -0.6992 -3.7638 2.4924, -1.6619 -3.7842 2.4897, -0.7003 -3.7842 2.4897, -1.6608 -3.8046 2.4924, -0.7013 -3.8046 2.4924, -1.6598 -3.8236 2.5002, -0.7023 -3.8236 2.5002, -1.5839 -4.202 2.7187, -1.5561 -4.2116 2.7243, -1.6445 -4.1173 2.6698, -1.6393 -4.1428 2.6846, -1.6269 -4.1664 2.6982, -1.6081 -4.1866 2.7098, -1.6423 -4.159 2.5975, -1.6371 -4.1846 2.6123, -1.6247 -4.2082 2.6259, -1.6059 -4.2283 2.6375, -1.5818 -4.2437 2.6464, -1.554 -4.2534 2.652, 0.8061 -4.2116 2.7243, 0.8083 -4.2534 2.652, 0.7783 -4.202 2.7187, 0.7804 -4.2437 2.6464, 0.7542 -4.1866 2.7098, 0.7563 -4.2283 2.6375, 0.7353 -4.1664 2.6982, 0.7375 -4.2082 2.6259, 0.7229 -4.1428 2.6846, 0.7251 -4.1846 2.6123, 0.7178 -4.1173 2.6698, 0.7199 -4.159 2.5975, 1.554 -4.2534 2.652, 1.5562 -4.2116 2.7243, 1.5818 -4.2437 2.6464, 1.584 -4.202 2.7187, 1.6059 -4.2283 2.6375, 1.6081 -4.1866 2.7098, 1.6247 -4.2082 2.6259, 1.6269 -4.1664 2.6982, 1.6371 -4.1846 2.6123, 1.6393 -4.1428 2.6846, 1.6423 -4.159 2.5975, 1.6445 -4.1173 2.6698, 0.7024 -3.8236 2.5002, 1.6599 -3.8236 2.5002, 1.6609 -3.8046 2.4924, 0.7014 -3.8046 2.4924, 1.6619 -3.7842 2.4897, 0.7003 -3.7842 2.4897, 1.663 -3.7638 2.4924, 0.6992 -3.7638 2.4924, 1.664 -3.7448 2.5002, 0.6982 -3.7448 2.5002, 1.6648 -3.7285 2.5128, 0.6974 -3.7285 2.5128, 0.6883 -3.5548 2.6865, 1.674 -3.5548 2.6865, 0.6944 -3.672 2.4511, 0.6871 -3.5317 2.5914, 1.6678 -3.672 2.4511, 1.6752 -3.5317 2.5914, 1.6661 -3.7047 2.4261, 0.6961 -3.7047 2.4261, 1.6641 -3.7426 2.4104, 0.6981 -3.7426 2.4104, 1.662 -3.7834 2.405, 0.7003 -3.7834 2.405, 1.6598 -3.8242 2.4104, 0.7024 -3.8242 2.4104, 1.6578 -3.8621 2.4261, 0.7044 -3.8621 2.4261, 1.6752 -3.5309 2.7061, 0.687 -3.5309 2.7061, 1.6766 -3.5037 2.7206, 0.6856 -3.5037 2.7206, 1.6782 -3.4741 2.7296, 0.684 -3.4741 2.7296, -1.6782 -3.4741 2.7296, -0.684 -3.4741 2.7296, -1.6766 -3.5037 2.7206, -0.6856 -3.5037 2.7206, -1.6752 -3.5309 2.7061, -0.687 -3.5309 2.7061, -1.676 -3.5154 2.604, -0.6862 -3.5154 2.604, -1.677 -3.4964 2.6118, -0.6852 -3.4964 2.6118, 0.6857 -3.5062 2.6085, 0.685 -3.4914 2.613, 0.6864 -3.5198 2.6012, 1.6773 -3.4914 2.613, 1.6765 -3.5062 2.6085, 1.6758 -3.5198 2.6012, -2.4606 1.6882 0.7247, -2.5787 1.6882 0.7247, -2.4606 1.6882 5.9216, -2.5787 1.6882 5.9216, -2.4579 1.6882 5.942, -2.572 1.6882 5.9725, -2.4501 1.6882 5.961, -2.5524 1.6882 6.02, -2.4376 1.6882 5.9773, -2.5211 1.6882 6.0608, -2.4212 1.6882 5.9898, -2.4803 1.6882 6.0921, -2.4023 1.6882 5.9977, -2.4328 1.6882 6.1117, -2.3819 1.6882 6.0003, -2.3819 1.6882 6.1184, -2.3622 1.6882 6.0003, -2.3622 1.6882 6.1184, 2.4606 -2.133 4.4765, 2.4606 -2.1307 4.4955, 2.4606 -2.2005 2.1897, 2.4606 -2.1819 4.4217, 2.4606 -2.165 4.4304, 2.4606 -2.2005 4.4172, 2.4606 -2.1507 4.443, 2.4606 -2.1398 4.4587, 2.4606 -2.1307 5.4973, 2.4606 -2.133 5.5163, 2.4606 1.6882 5.9216, 2.4606 -2.1398 5.5341, 2.4606 -2.1507 5.5498, 2.4606 -2.165 5.5623, 2.4606 -2.1819 5.5711, 2.4606 -2.2005 5.5756, 2.4606 1.4913 0.2113, 2.4606 0.7827 0.2113, 2.4606 0.7827 0.4098, 2.4606 -4.6416 3.9884, 2.4606 -4.6701 3.9766, 2.4606 -4.8079 5.7838, 2.4606 -4.0947 5.2307, 2.4606 -4.0992 5.1932, 2.4606 -4.7522 5.8069, 2.4606 1.6882 0.7247, 2.4606 1.4913 0.7247, 2.4606 -4.7251 2.702, 2.4606 -4.7875 0.8205, 2.4606 -4.7291 2.7326, 2.4606 -4.7291 3.8743, 2.4606 -4.7133 2.6736, 2.4606 -4.6945 2.6491, 2.4606 -4.6701 2.6303, 2.4606 -4.8079 0.8232, 2.4606 -4.7251 3.9049, 2.4606 -4.0814 4.7267, 2.4606 -4.06 4.6956, 2.4606 0.78 0.4302, 2.4606 0.7721 0.4492, 2.4606 -4.6945 3.9579, 2.4606 -4.7133 3.9334, 2.4606 -2.2196 5.5754, 2.4606 -3.962 5.3494, 2.4606 -4.7397 5.8232, 2.4606 -3.9986 5.3401, 2.4606 -4.0947 4.7621, 2.4606 -4.7685 5.7943, 2.4606 -4.7875 5.7865, 2.4606 -4.0992 4.7995, 2.4606 -4.7318 5.8422, 2.4606 -4.7291 5.8625, 2.4606 -4.7291 5.9216, 2.4606 -4.0319 4.6704, 2.4606 -3.9986 4.6527, 2.4606 -3.9986 1.9543, 2.4606 -3.962 4.6434, 2.4606 -1.5402 0.7247, 2.4606 -1.5605 0.7221, 2.4606 -1.5795 0.7142, 2.4606 -0.7527 0.2113, 2.4606 -1.4614 0.2113, 2.4606 -0.7527 0.4098, 2.4606 -1.4614 0.646, 2.4606 -0.7501 0.4302, 2.4606 -4.0319 5.3224, 2.4606 -4.06 5.2972, 2.4606 -4.0814 5.2661, 2.4606 -2.2196 4.4174, 2.4606 -2.2196 2.1896, 2.4606 -3.962 1.9636, 2.4606 -2.1507 2.1639, 2.4606 -2.165 2.1765, 2.4606 -2.1819 2.1853, 2.4606 -4.0319 1.9365, 2.4606 -4.6416 2.6185, 2.4606 -4.06 1.9114, 2.4606 -4.0814 1.8802, 2.4606 -1.6083 0.6854, 2.4606 -4.7291 0.6854, 2.4606 -1.5958 0.7017, 2.4606 -4.7291 0.7444, 2.4606 -4.7318 0.7648, 2.4606 -4.0992 1.4137, 2.4606 -4.7522 0.8001, 2.4606 -4.0992 1.8074, 2.4606 -4.7685 0.8126, 2.4606 -4.0947 1.8449, 2.4606 0.7039 0.4885, 2.4606 -0.674 0.4885, 2.4606 -0.6944 0.4858, 2.4606 -0.7134 0.478, 2.4606 -1.4845 0.7017, 2.4606 -1.5008 0.7142, 2.4606 -1.5198 0.7221, 2.4606 -2.1819 1.0358, 2.4606 -2.165 1.0446, 2.4606 -2.1507 1.0572, 2.4606 -2.1398 1.0729, 2.4606 -4.0947 1.3762, 2.4606 -4.0814 1.3409, 2.4606 -4.7397 0.7838, 2.4606 -4.06 1.3098, 2.4606 -4.0319 1.2846, 2.4606 0.7596 0.4655, 2.4606 0.7433 0.478, 2.4606 0.7243 0.4858, 2.4606 -1.472 0.6854, 2.4606 -1.4641 0.6664, 2.4606 -0.7297 0.4655, 2.4606 -0.7422 0.4492, 2.4606 -2.133 1.0907, 2.4606 -2.1307 1.1096, 2.4606 -3.9986 1.2669, 2.4606 -3.962 1.2575, 2.4606 -2.2196 1.0315, 2.4606 -2.2005 1.0314, 2.4606 -2.1307 2.1115, 2.4606 -2.133 2.1304, 2.4606 -2.1398 2.1483, 2.5788 -4.7875 5.7865, 2.5788 -4.8079 5.7838, 2.5788 -4.8079 0.8232, 2.5788 -4.0947 1.3762, 2.5788 -4.0992 1.4137, 2.5788 -4.7522 0.8001, 2.5788 -2.133 4.4765, 2.5788 -2.1398 4.4587, 2.5788 -1.5402 0.7247, 2.5788 0.7721 0.4492, 2.5788 0.78 0.4302, 2.5788 1.4913 0.7247, 2.5788 -2.1307 4.4955, 2.5788 -1.472 0.6854, 2.5788 -1.4641 0.6664, 2.5788 -4.0814 1.8802, 2.5788 -4.06 1.9114, 2.5788 -3.962 4.6434, 2.5788 -2.2196 4.4174, 2.5788 -2.2005 2.1897, 2.5788 -2.1819 2.1853, 2.5788 -2.2005 4.4172, 2.5788 -2.165 2.1765, 2.5788 -2.1507 2.1639, 2.5788 -2.1507 4.443, 2.5788 -2.165 4.4304, 2.5788 -1.5605 0.7221, 2.5788 1.4913 0.2113, 2.5788 0.7827 0.4098, 2.5788 0.7827 0.2113, 2.5788 -4.7291 0.6854, 2.5788 -2.2005 1.0314, 2.5788 -4.7291 0.7444, 2.5788 -2.2196 1.0315, 2.5788 -4.7318 0.7648, 2.5788 -2.1398 2.1483, 2.5788 -1.5795 0.7142, 2.5788 -1.5198 0.7221, 2.5788 -1.5008 0.7142, 2.5788 -1.4845 0.7017, 2.5788 -4.0947 1.8449, 2.5788 -4.7685 0.8126, 2.5788 -4.7875 0.8205, 2.5788 -3.9986 4.6527, 2.5788 -2.133 2.1304, 2.5788 -2.1307 2.1115, 2.5788 -2.1307 1.1096, 2.5788 -2.133 1.0907, 2.5788 -2.1398 1.0729, 2.5788 -1.5958 0.7017, 2.5788 -2.1507 1.0572, 2.5788 -2.165 1.0446, 2.5788 -1.6083 0.6854, 2.5788 -2.1819 1.0358, 2.5788 -2.1819 4.4217, 2.5788 -1.4614 0.646, 2.5788 -0.7501 0.4302, 2.5788 0.7243 0.4858, 2.5788 0.7433 0.478, 2.5788 0.7596 0.4655, 2.5788 -4.0319 5.3224, 2.5788 -3.9986 5.3401, 2.5788 -4.7397 5.8232, 2.5788 -3.962 5.3494, 2.5788 -4.7318 5.8422, 2.5788 -4.0992 5.1932, 2.5788 -4.7522 5.8069, 2.5788 -4.0992 4.7995, 2.5788 -4.7685 5.7943, 2.5788 -4.0992 1.8074, 2.5788 -4.7397 0.7838, 2.5788 -3.962 1.2575, 2.5788 -3.9986 1.2669, 2.5788 -4.0319 1.9365, 2.5788 -3.9986 1.9543, 2.5788 -2.1307 5.4973, 2.5788 -2.133 5.5163, 2.5788 -2.1398 5.5341, 2.5788 -1.4614 0.2113, 2.5788 -0.7527 0.2113, 2.5788 -0.7527 0.4098, 2.5788 -0.7422 0.4492, 2.5788 -0.7297 0.4655, 2.5788 -0.7134 0.478, 2.5788 -4.7291 5.9216, 2.5788 -4.7291 5.8625, 2.5788 -2.2005 5.5756, 2.5788 -2.165 5.5623, 2.5788 -2.1507 5.5498, 2.5788 1.6882 5.9216, 2.5788 1.6882 0.7247, 2.5788 -4.0947 5.2307, 2.5788 -4.0814 5.2661, 2.5788 -4.06 5.2972, 2.5788 -4.0319 4.6704, 2.5788 -4.06 4.6956, 2.5788 -4.0814 4.7267, 2.5788 -4.0319 1.2846, 2.5788 -4.06 1.3098, 2.5788 -4.0814 1.3409, 2.5788 -3.962 1.9636, 2.5788 -2.2196 2.1896, 2.5788 -2.2196 5.5754, 2.5788 -2.1819 5.5711, 2.5788 -4.0947 4.7621, 2.5788 -0.6944 0.4858, 2.5788 -0.674 0.4885, 2.5788 0.7039 0.4885, 2.3622 1.6882 6.0003, 2.3622 1.6882 6.1184, 2.3819 1.6882 6.0003, 2.3819 1.6882 6.1184, 2.4023 1.6882 5.9977, 2.4328 1.6882 6.1117, 2.4213 1.6882 5.9898, 2.4803 1.6882 6.0921, 2.4376 1.6882 5.9773, 2.5211 1.6882 6.0608, 2.4501 1.6882 5.961, 2.5524 1.6882 6.02, 2.458 1.6882 5.942, 2.572 1.6882 5.9725, 2.3622 1.7276 6.1184, -2.3622 1.7276 6.1184, -1.8843 -2.5103 6.1184, -1.8854 -2.5285 6.1184, -1.7822 -4.497 6.1184, 1.7578 -4.55 6.1184, 1.7418 -4.5618 6.1184, 2.2074 -4.7875 6.1184, -1.7871 -2.4482 6.1184, -1.7686 -2.4555 6.1184, -1.7526 -2.4673 6.1184, -1.74 -2.4827 6.1184, -1.8068 -2.4457 6.1184, -2.3819 -4.7291 6.1184, -2.2835 -4.7291 6.1184, -2.2074 -4.7875 6.1184, -2.2047 -4.8079 6.1184, -0.6586 -4.5716 6.1184, 2.2047 -4.8079 6.1184, -0.6389 -4.5691 6.1184, -0.6204 -4.5618 6.1184, 1.7704 -4.5346 6.1184, -1.8572 -2.464 6.1184, -1.842 -2.454 6.1184, -1.8249 -2.4478 6.1184, -1.8789 -2.4929 6.1184, -1.8698 -2.4772 6.1184, -1.7036 -4.5716 6.1184, -1.7233 -4.5691 6.1184, -1.7418 -4.5618 6.1184, -2.2631 -4.7318 6.1184, -2.2441 -4.7397 6.1184, -2.2278 -4.7522 6.1184, -1.7787 -4.5166 6.1184, -2.2153 -4.7685 6.1184, -1.7704 -4.5346 6.1184, -1.7578 -4.55 6.1184, 1.7233 -4.5691 6.1184, 1.7036 -4.5716 6.1184, 0.6586 -4.5716 6.1184, -1.7281 -2.5203 6.1184, -1.6798 -3.4434 6.1184, -0.6824 -3.4434 6.1184, 0.6222 -2.4827 6.1184, 1.7526 -2.4673 6.1184, 1.7686 -2.4555 6.1184, -0.634 -2.5203 6.1184, -0.6305 -2.5007 6.1184, -1.7317 -2.5007 6.1184, -0.6222 -2.4827 6.1184, 0.5554 -2.4457 6.1184, 0.5751 -2.4482 6.1184, 1.7787 -4.5166 6.1184, 2.2153 -4.7685 6.1184, 1.7823 -4.497 6.1184, 2.2278 -4.7522 6.1184, 1.8854 -2.5285 6.1184, 2.2441 -4.7397 6.1184, 1.8843 -2.5103 6.1184, 2.2631 -4.7318 6.1184, 2.2835 -4.7291 6.1184, 0.6389 -4.5691 6.1184, 0.6204 -4.5618 6.1184, -0.6044 -4.55 6.1184, 0.6044 -4.55 6.1184, -0.5918 -4.5346 6.1184, -0.5835 -4.5166 6.1184, 1.8698 -2.4772 6.1184, 1.8573 -2.464 6.1184, 1.842 -2.454 6.1184, 0.6824 -3.4434 6.1184, 1.6798 -3.4434 6.1184, 0.6341 -2.5203 6.1184, 1.7282 -2.5203 6.1184, 0.6305 -2.5007 6.1184, 1.7317 -2.5007 6.1184, 1.74 -2.4827 6.1184, 0.5936 -2.4555 6.1184, 0.6096 -2.4673 6.1184, 1.7871 -2.4482 6.1184, 1.8068 -2.4457 6.1184, 1.8249 -2.4478 6.1184, 1.879 -2.4929 6.1184, 2.3819 -4.7291 6.1184, -0.5202 -2.454 6.1184, 0.4768 -2.5285 6.1184, -0.5373 -2.4478 6.1184, -0.5554 -2.4457 6.1184, 0.478 -2.5103 6.1184, 0.4833 -2.4929 6.1184, 0.4924 -2.4772 6.1184, -0.5049 -2.464 6.1184, -0.4924 -2.4772 6.1184, -0.4832 -2.4929 6.1184, 0.505 -2.464 6.1184, 0.5202 -2.454 6.1184, 0.5373 -2.4478 6.1184, -0.6096 -2.4673 6.1184, -0.5936 -2.4555 6.1184, -0.5751 -2.4482 6.1184, 0.5918 -4.5346 6.1184, 0.5835 -4.5166 6.1184, -0.5799 -4.497 6.1184, 0.58 -4.497 6.1184, -0.4768 -2.5285 6.1184, -0.4779 -2.5103 6.1184, 0.6883 -3.5548 6.0723, 0.6974 -3.7285 5.8986, 1.674 -3.5548 6.0723, 1.6648 -3.7285 5.8986, 0.7783 -4.202 6.1046, 0.8061 -4.2116 6.1101, 0.7178 -4.1173 6.0557, 0.8358 -4.2149 6.112, 0.7024 -3.8236 5.8861, 1.6599 -3.8236 5.8861, 1.5264 -4.2149 6.112, 1.6445 -4.1173 6.0557, 1.5562 -4.2116 6.1101, 1.584 -4.202 6.1046, 0.7229 -4.1428 6.0704, 0.7353 -4.1664 6.084, 0.7542 -4.1866 6.0957, 1.6081 -4.1866 6.0957, 1.6269 -4.1664 6.084, 1.6393 -4.1428 6.0704, 1.5243 -4.2567 6.0397, 0.838 -4.2567 6.0397, 1.5818 -4.2437 6.0322, 1.554 -4.2534 6.0378, 1.6423 -4.159 5.9833, 1.6578 -3.8621 5.8119, 0.7044 -3.8621 5.8119, 0.7199 -4.159 5.9833, 0.8083 -4.2534 6.0378, 0.7804 -4.2437 6.0322, 1.6371 -4.1846 5.9981, 1.6247 -4.2082 6.0117, 1.6059 -4.2283 6.0233, 0.7563 -4.2283 6.0233, 0.7375 -4.2082 6.0117, 0.7251 -4.1846 5.9981, 0.6944 -3.672 5.8369, 0.6871 -3.5317 5.9773, 1.6678 -3.672 5.8369, 1.6752 -3.5317 5.9773, 0.5751 -2.4482 6.0003, 0.5554 -2.4457 6.0003, 2.3622 1.7276 6.0003, 2.2074 -4.7875 6.0003, 2.2047 -4.8079 6.0003, -2.2047 -4.8079 6.0003, 1.7526 -2.4673 6.0003, 1.74 -2.4827 6.0003, 0.6341 -2.5203 6.0003, 1.7686 -2.4555 6.0003, -1.7822 -4.497 6.0003, -2.2441 -4.7397 6.0003, -1.8854 -2.5285 6.0003, -2.2631 -4.7318 6.0003, -1.8843 -2.5103 6.0003, -2.2835 -4.7291 6.0003, -2.3819 -4.7291 6.0003, 1.7871 -2.4482 6.0003, 0.6305 -2.5007 6.0003, 1.8068 -2.4457 6.0003, 0.6222 -2.4827 6.0003, 0.6096 -2.4673 6.0003, 0.6586 -4.5716 6.0003, 2.2441 -4.7397 6.0003, 2.2278 -4.7522 6.0003, -1.8249 -2.4478 6.0003, -1.8068 -2.4457 6.0003, -2.3622 1.7276 6.0003, -1.842 -2.454 6.0003, -1.8572 -2.464 6.0003, -1.8698 -2.4772 6.0003, 1.6781 -3.476 6.0003, 0.6841 -3.476 6.0003, 1.7282 -2.5203 6.0003, 1.7317 -2.5007 6.0003, 1.8249 -2.4478 6.0003, 0.5936 -2.4555 6.0003, 2.3819 -4.7291 6.0003, 2.2835 -4.7291 6.0003, 2.2631 -4.7318 6.0003, 1.8698 -2.4772 6.0003, 1.879 -2.4929 6.0003, 1.8843 -2.5103 6.0003, 1.8573 -2.464 6.0003, 1.842 -2.454 6.0003, 1.7036 -4.5716 6.0003, 1.7233 -4.5691 6.0003, 1.7418 -4.5618 6.0003, -1.8789 -2.4929 6.0003, 1.7578 -4.55 6.0003, 1.7704 -4.5346 6.0003, 1.7787 -4.5166 6.0003, 1.7823 -4.497 6.0003, 1.8854 -2.5285 6.0003, -2.2074 -4.7875 6.0003, -1.7787 -4.5166 6.0003, -2.2153 -4.7685 6.0003, -2.2278 -4.7522 6.0003, -1.7526 -2.4673 6.0003, -1.7686 -2.4555 6.0003, -1.7871 -2.4482 6.0003, -1.7704 -4.5346 6.0003, -1.7578 -4.55 6.0003, -1.7418 -4.5618 6.0003, -0.6389 -4.5691 6.0003, -0.6204 -4.5618 6.0003, 0.6204 -4.5618 6.0003, -0.6044 -4.55 6.0003, -1.7233 -4.5691 6.0003, -1.7036 -4.5716 6.0003, -0.6586 -4.5716 6.0003, 2.2153 -4.7685 6.0003, 0.6389 -4.5691 6.0003, -0.5918 -4.5346 6.0003, -0.5835 -4.5166 6.0003, 0.6044 -4.55 6.0003, 0.5918 -4.5346 6.0003, -0.5936 -2.4555 6.0003, -0.6096 -2.4673 6.0003, -1.74 -2.4827 6.0003, -0.6222 -2.4827 6.0003, -0.6305 -2.5007 6.0003, -0.5751 -2.4482 6.0003, -0.6841 -3.476 6.0003, -1.6781 -3.476 6.0003, -0.634 -2.5203 6.0003, -1.7281 -2.5203 6.0003, -1.7317 -2.5007 6.0003, -0.5202 -2.454 6.0003, -0.5373 -2.4478 6.0003, -0.5554 -2.4457 6.0003, -0.4924 -2.4772 6.0003, 0.4833 -2.4929 6.0003, -0.4832 -2.4929 6.0003, 0.478 -2.5103 6.0003, -0.4779 -2.5103 6.0003, 0.5373 -2.4478 6.0003, 0.5202 -2.454 6.0003, 0.505 -2.464 6.0003, 0.4924 -2.4772 6.0003, -0.5049 -2.464 6.0003, -0.4768 -2.5285 6.0003, 0.4768 -2.5285 6.0003, -0.5799 -4.497 6.0003, 0.58 -4.497 6.0003, 0.5835 -4.5166 6.0003, 0.687 -3.5309 6.0919, 0.6857 -3.5062 5.9943, 0.685 -3.4914 5.9988, 0.6856 -3.5037 6.1065, 0.7024 -3.8242 5.7962, 0.7014 -3.8046 5.8782, 0.7003 -3.7834 5.7908, 0.7003 -3.7842 5.8755, 0.6981 -3.7426 5.7962, 0.6992 -3.7638 5.8782, 0.6961 -3.7047 5.8119, 0.6982 -3.7448 5.8861, 0.6864 -3.5198 5.9871, 0.684 -3.4741 6.1154, 1.6609 -3.8046 5.8782, 1.6598 -3.8242 5.7962, 1.6619 -3.7842 5.8755, 1.662 -3.7834 5.7908, 1.663 -3.7638 5.8782, 1.6641 -3.7426 5.7962, 1.664 -3.7448 5.8861, 1.6661 -3.7047 5.8119, 1.6758 -3.5198 5.9871, 1.6752 -3.5309 6.0919, 1.6765 -3.5062 5.9943, 1.6766 -3.5037 6.1065, 1.6773 -3.4914 5.9988, 1.6782 -3.4741 6.1154, 2.5784 -2.133 4.5142, 2.5735 -2.1644 4.56, 2.5757 -2.1503 4.5474, 2.5774 -2.1396 4.5319, 2.5681 -2.1993 4.5735, 2.5757 -2.1503 5.4454, 2.5735 -2.1644 5.4328, 2.5709 -2.181 4.5689, 2.5784 -2.133 5.4786, 2.5774 -2.1396 5.4609, 2.3819 -3.3986 5.2637, 2.3819 -3.3986 4.7291, 2.5681 -2.1993 5.4192, 2.5709 -2.181 5.4239, 2.5302 -3.7653 5.1388, 2.5359 -3.7794 5.0988, 2.4793 -3.6395 5.2324, 2.5378 -3.7842 5.0563, 2.5378 -3.7842 4.9365, 2.4793 -3.6395 4.7603, 2.5359 -3.7794 4.894, 2.5302 -3.7653 4.854, 2.4949 -3.678 5.2223, 2.5091 -3.7131 5.2024, 2.5211 -3.7428 5.174, 2.5211 -3.7428 4.8188, 2.5091 -3.7131 4.7904, 2.4949 -3.678 4.7705, 2.4276 -3.8288 4.9422, 2.4276 -3.8288 5.0506, 2.42 -3.8099 4.8597, 2.4257 -3.824 4.8998, 2.3691 -3.6841 4.7661, 2.2649 -3.4264 4.7327, 2.2649 -3.4264 5.2601, 2.3691 -3.6841 5.2267, 2.4257 -3.824 5.093, 2.42 -3.8099 5.1331, 2.4109 -3.7874 5.1683, 2.3988 -3.7577 5.1966, 2.3847 -3.7226 5.2165, 2.3847 -3.7226 4.7763, 2.3988 -3.7577 4.7962, 2.4109 -3.7874 4.8245, 2.4657 -2.133 5.4786, 2.4661 -2.1307 5.4973, 2.4661 -2.1307 4.4955, 2.4608 -2.1644 5.4328, 2.463 -2.1503 5.4454, 2.4647 -2.1396 5.4609, 2.4554 -2.1993 5.4192, 2.463 -2.1503 4.5474, 2.4608 -2.1644 4.56, 2.4582 -2.181 5.4239, 2.4657 -2.133 4.5142, 2.4647 -2.1396 4.5319, 2.4554 -2.1993 4.5735, 2.4582 -2.181 4.5689, 2.458 -4.7291 5.942, 2.572 -4.7291 5.9725, 2.4501 -4.7291 5.961, 2.5524 -4.7291 6.02, 2.4376 -4.7291 5.9773, 2.5211 -4.7291 6.0608, 2.4213 -4.7291 5.9898, 2.4803 -4.7291 6.0921, 2.4023 -4.7291 5.9977, 2.4328 -4.7291 6.1117
            ]
        }
        coordIndex [
            0,1,2,-1,2,1,3,-1,4,5,6,-1,6,5,7,-1,8,9,10,-1,8,10,11,-1,11,10,12,-1,11,12,13,-1,13,12,14,-1,13,14,15,-1,15,14,16,-1,15,16,17,-1,17,16,18,-1,17,18,19,-1,19,18,3,-1,19,3,1,-1,20,21,22,-1,20,22,23,-1,23,22,24,-1,23,24,25,-1,25,24,26,-1,25,26,27,-1,27,26,28,-1,27,28,29,-1,29,28,30,-1,29,30,31,-1,32,33,34,-1,34,33,2,-1,34,2,20,-1,20,2,21,-1,21,2,3,-1,21,3,9,-1,9,3,18,-1,9,18,16,-1,35,36,34,-1,34,36,37,-1,34,37,32,-1,16,14,9,-1,9,14,12,-1,9,12,10,-1,34,38,39,-1,34,39,35,-1,35,39,40,-1,35,40,36,-1,36,40,41,-1,36,41,37,-1,37,41,42,-1,37,42,32,-1,32,42,43,-1,32,43,33,-1,33,43,0,-1,33,0,2,-1,17,19,8,-1,8,19,1,-1,8,1,44,-1,44,1,45,-1,45,1,0,-1,45,0,38,-1,38,0,43,-1,38,43,42,-1,11,13,8,-1,8,13,15,-1,8,15,17,-1,42,41,38,-1,38,41,40,-1,38,40,39,-1,46,47,48,-1,46,48,49,-1,49,48,50,-1,49,50,51,-1,51,50,52,-1,51,52,53,-1,53,52,54,-1,53,54,55,-1,55,54,56,-1,55,56,57,-1,57,56,44,-1,57,44,45,-1,46,58,47,-1,47,58,59,-1,60,31,61,-1,61,31,30,-1,4,6,62,-1,4,62,63,-1,63,62,64,-1,63,64,65,-1,65,64,66,-1,65,66,67,-1,67,66,68,-1,67,68,69,-1,69,68,70,-1,69,70,71,-1,71,70,72,-1,71,72,73,-1,74,75,76,-1,76,75,77,-1,78,79,80,-1,78,80,81,-1,81,80,82,-1,81,82,83,-1,83,82,84,-1,83,84,85,-1,85,84,86,-1,85,86,87,-1,87,86,88,-1,87,88,89,-1,89,88,77,-1,89,77,75,-1,90,91,92,-1,92,91,5,-1,92,5,78,-1,78,5,79,-1,79,5,4,-1,79,4,73,-1,73,4,63,-1,73,63,65,-1,65,67,73,-1,73,67,69,-1,73,69,71,-1,93,94,92,-1,92,94,95,-1,92,95,90,-1,7,5,91,-1,7,91,96,-1,96,91,90,-1,96,90,97,-1,97,90,95,-1,97,95,98,-1,98,95,94,-1,98,94,99,-1,99,94,93,-1,99,93,100,-1,100,93,92,-1,100,92,101,-1,64,62,72,-1,72,62,6,-1,72,6,102,-1,102,6,103,-1,103,6,7,-1,103,7,101,-1,101,7,96,-1,101,96,97,-1,70,68,72,-1,72,68,66,-1,72,66,64,-1,97,98,101,-1,101,98,99,-1,101,99,100,-1,104,105,106,-1,104,106,107,-1,107,106,108,-1,107,108,109,-1,109,108,110,-1,109,110,111,-1,111,110,112,-1,111,112,113,-1,113,112,102,-1,113,102,103,-1,104,114,105,-1,105,114,115,-1,116,117,118,-1,116,118,119,-1,119,118,120,-1,119,120,121,-1,121,120,122,-1,121,122,123,-1,123,122,115,-1,123,115,114,-1,60,61,124,-1,60,124,125,-1,125,124,126,-1,125,126,127,-1,127,126,128,-1,127,128,129,-1,129,128,130,-1,129,130,131,-1,132,133,134,-1,132,134,135,-1,135,134,136,-1,135,136,137,-1,137,136,138,-1,137,138,139,-1,139,138,59,-1,139,59,58,-1,59,138,126,-1,9,8,21,-1,21,8,44,-1,21,44,22,-1,22,44,56,-1,22,56,24,-1,126,138,128,-1,128,138,136,-1,128,136,130,-1,126,124,59,-1,59,124,61,-1,59,61,47,-1,47,61,30,-1,47,30,48,-1,48,30,28,-1,48,28,50,-1,50,28,26,-1,50,26,52,-1,52,26,24,-1,52,24,54,-1,54,24,56,-1,140,141,133,-1,133,141,130,-1,133,130,134,-1,134,130,136,-1,141,140,142,-1,142,140,143,-1,142,143,144,-1,144,143,145,-1,144,145,146,-1,146,145,147,-1,146,147,148,-1,148,147,149,-1,148,149,150,-1,150,149,151,-1,150,151,152,-1,152,151,153,-1,154,155,156,-1,156,155,157,-1,156,157,158,-1,158,157,159,-1,158,159,160,-1,160,159,161,-1,160,161,162,-1,162,161,163,-1,162,163,164,-1,164,163,165,-1,164,165,166,-1,166,165,167,-1,166,167,153,-1,153,167,152,-1,154,168,155,-1,155,168,169,-1,170,171,172,-1,172,171,173,-1,172,173,174,-1,174,173,175,-1,174,175,176,-1,176,175,177,-1,176,177,178,-1,178,177,179,-1,178,179,180,-1,180,179,181,-1,180,181,168,-1,168,181,169,-1,182,171,183,-1,183,171,170,-1,184,185,186,-1,186,185,187,-1,186,187,188,-1,188,187,189,-1,188,189,190,-1,190,189,191,-1,190,191,192,-1,192,191,193,-1,192,193,194,-1,194,193,195,-1,194,195,183,-1,183,195,182,-1,196,185,197,-1,197,185,184,-1,198,199,200,-1,200,199,201,-1,200,201,202,-1,202,201,203,-1,202,203,204,-1,204,203,205,-1,204,205,206,-1,206,205,207,-1,206,207,208,-1,208,207,209,-1,208,209,210,-1,210,209,211,-1,210,211,197,-1,197,211,196,-1,212,213,214,-1,214,213,215,-1,214,215,216,-1,216,215,217,-1,216,217,218,-1,218,217,219,-1,218,219,220,-1,220,219,221,-1,220,221,222,-1,222,221,223,-1,222,223,198,-1,198,223,199,-1,58,46,31,-1,31,46,29,-1,29,46,49,-1,29,49,27,-1,27,49,51,-1,27,51,25,-1,31,60,58,-1,58,60,125,-1,58,125,139,-1,139,125,127,-1,139,127,137,-1,137,127,129,-1,137,129,135,-1,135,129,131,-1,135,131,132,-1,132,131,213,-1,132,213,212,-1,38,34,45,-1,45,34,20,-1,45,20,57,-1,57,20,23,-1,57,23,55,-1,55,23,25,-1,55,25,53,-1,53,25,51,-1,224,225,226,-1,226,225,227,-1,226,227,228,-1,228,227,229,-1,228,229,230,-1,230,229,231,-1,230,231,232,-1,232,231,233,-1,232,233,234,-1,234,233,235,-1,234,235,236,-1,236,235,237,-1,238,239,240,-1,240,239,241,-1,240,241,242,-1,242,241,243,-1,242,243,244,-1,244,243,245,-1,244,245,246,-1,246,245,247,-1,246,247,248,-1,248,247,249,-1,248,249,250,-1,250,249,251,-1,250,251,224,-1,224,251,225,-1,252,239,253,-1,253,239,238,-1,254,255,256,-1,256,255,257,-1,256,257,258,-1,258,257,259,-1,258,259,260,-1,260,259,261,-1,260,261,262,-1,262,261,263,-1,262,263,264,-1,264,263,265,-1,264,265,253,-1,253,265,252,-1,266,255,267,-1,267,255,254,-1,268,269,270,-1,270,269,271,-1,270,271,272,-1,272,271,273,-1,272,273,274,-1,274,273,275,-1,274,275,276,-1,276,275,277,-1,276,277,278,-1,278,277,279,-1,278,279,267,-1,267,279,266,-1,268,280,269,-1,269,280,281,-1,282,283,284,-1,284,283,285,-1,284,285,286,-1,286,285,287,-1,286,287,288,-1,288,287,289,-1,288,289,290,-1,290,289,291,-1,290,291,292,-1,292,291,293,-1,292,293,294,-1,294,293,295,-1,294,295,280,-1,280,295,281,-1,283,282,296,-1,296,282,297,-1,296,297,298,-1,298,297,299,-1,298,299,300,-1,300,299,301,-1,300,301,302,-1,302,301,303,-1,302,303,304,-1,304,303,305,-1,304,305,306,-1,306,305,307,-1,76,77,105,-1,105,77,106,-1,106,77,88,-1,106,88,108,-1,108,88,86,-1,108,86,110,-1,105,115,76,-1,76,115,122,-1,76,122,308,-1,308,122,120,-1,308,120,309,-1,309,120,118,-1,309,118,310,-1,310,118,117,-1,310,117,311,-1,311,117,306,-1,311,306,307,-1,73,72,79,-1,79,72,102,-1,79,102,80,-1,80,102,112,-1,80,112,82,-1,82,112,110,-1,82,110,84,-1,84,110,86,-1,74,76,308,-1,74,308,312,-1,312,308,309,-1,312,309,313,-1,313,309,310,-1,313,310,314,-1,314,310,311,-1,314,311,315,-1,74,312,121,-1,101,92,103,-1,103,92,78,-1,103,78,113,-1,113,78,81,-1,113,81,111,-1,121,312,119,-1,119,312,313,-1,119,313,116,-1,121,123,74,-1,74,123,114,-1,74,114,75,-1,75,114,104,-1,75,104,89,-1,89,104,107,-1,89,107,87,-1,87,107,109,-1,87,109,85,-1,85,109,111,-1,85,111,83,-1,83,111,81,-1,236,237,315,-1,315,237,116,-1,315,116,314,-1,314,116,313,-1,300,302,316,-1,279,277,317,-1,317,277,275,-1,317,275,273,-1,259,257,318,-1,318,257,255,-1,318,255,317,-1,317,255,266,-1,317,266,279,-1,131,130,213,-1,213,130,141,-1,213,141,215,-1,141,142,215,-1,215,142,144,-1,215,144,146,-1,181,179,318,-1,318,179,177,-1,318,177,175,-1,285,283,319,-1,319,283,296,-1,319,296,316,-1,316,296,298,-1,316,298,300,-1,235,304,306,-1,148,150,316,-1,175,173,318,-1,318,173,171,-1,318,171,182,-1,117,116,306,-1,306,116,237,-1,306,237,235,-1,193,191,263,-1,263,191,189,-1,263,189,187,-1,146,148,215,-1,215,148,316,-1,215,316,217,-1,217,316,219,-1,259,318,261,-1,261,318,182,-1,261,182,263,-1,263,182,195,-1,263,195,193,-1,150,152,316,-1,316,152,167,-1,316,167,165,-1,295,293,319,-1,319,293,291,-1,291,289,319,-1,319,289,287,-1,319,287,285,-1,304,235,302,-1,302,235,233,-1,302,233,231,-1,199,223,316,-1,316,223,221,-1,316,221,219,-1,165,163,316,-1,316,163,161,-1,316,161,159,-1,273,271,317,-1,317,271,269,-1,317,269,319,-1,319,269,281,-1,319,281,295,-1,159,157,316,-1,316,157,155,-1,316,155,318,-1,318,155,169,-1,318,169,181,-1,225,316,227,-1,227,316,302,-1,227,302,229,-1,229,302,231,-1,205,203,249,-1,199,316,201,-1,201,316,225,-1,201,225,203,-1,203,225,251,-1,203,251,249,-1,247,245,209,-1,247,209,249,-1,249,209,207,-1,249,207,205,-1,245,243,209,-1,209,243,241,-1,209,241,211,-1,211,241,196,-1,196,241,239,-1,196,239,185,-1,185,239,252,-1,185,252,187,-1,187,252,265,-1,187,265,263,-1,316,320,319,-1,319,320,321,-1,322,323,324,-1,325,326,327,-1,327,326,328,-1,327,328,329,-1,330,331,332,-1,329,333,327,-1,327,333,330,-1,327,330,334,-1,334,330,332,-1,335,336,337,-1,335,338,339,-1,322,324,340,-1,341,342,343,-1,344,338,345,-1,345,338,346,-1,347,348,349,-1,336,335,350,-1,337,351,335,-1,335,351,352,-1,335,352,353,-1,339,354,335,-1,335,354,355,-1,335,355,347,-1,347,355,356,-1,347,356,348,-1,349,357,347,-1,347,357,358,-1,347,358,359,-1,343,360,341,-1,341,360,361,-1,341,361,362,-1,363,324,364,-1,363,365,324,-1,324,365,366,-1,324,366,341,-1,341,366,367,-1,341,367,342,-1,362,368,341,-1,341,368,369,-1,341,369,335,-1,335,369,370,-1,335,370,350,-1,371,372,373,-1,373,372,374,-1,373,374,375,-1,376,377,324,-1,325,327,378,-1,378,327,379,-1,378,379,380,-1,353,381,335,-1,335,381,382,-1,335,382,338,-1,338,382,383,-1,338,383,346,-1,364,384,363,-1,363,384,385,-1,363,385,386,-1,386,385,371,-1,386,371,387,-1,387,371,373,-1,388,378,324,-1,324,378,380,-1,324,380,340,-1,377,389,324,-1,324,389,390,-1,324,390,388,-1,323,391,324,-1,324,391,392,-1,324,392,364,-1,393,394,395,-1,359,396,347,-1,347,396,397,-1,347,397,324,-1,324,397,398,-1,324,398,376,-1,391,399,392,-1,392,399,400,-1,392,400,401,-1,401,400,402,-1,402,400,395,-1,395,400,403,-1,395,403,393,-1,404,405,394,-1,394,405,406,-1,394,406,395,-1,404,394,407,-1,407,394,408,-1,407,408,409,-1,409,408,410,-1,409,410,411,-1,411,410,412,-1,411,412,344,-1,344,412,413,-1,344,413,338,-1,414,335,415,-1,416,317,417,-1,418,419,420,-1,420,419,347,-1,318,418,421,-1,421,418,420,-1,421,420,417,-1,417,420,414,-1,417,414,416,-1,416,414,415,-1,414,422,423,-1,424,425,426,-1,426,425,427,-1,423,428,414,-1,414,428,429,-1,414,429,430,-1,431,432,420,-1,420,432,433,-1,420,433,414,-1,414,433,434,-1,414,434,422,-1,435,420,436,-1,436,420,437,-1,427,425,438,-1,438,425,439,-1,438,439,440,-1,441,442,431,-1,443,444,445,-1,446,447,439,-1,446,439,448,-1,447,449,439,-1,439,449,450,-1,439,450,440,-1,445,451,443,-1,443,451,452,-1,443,452,453,-1,453,452,454,-1,453,454,424,-1,435,455,420,-1,420,455,456,-1,420,456,431,-1,431,456,457,-1,431,457,441,-1,430,458,414,-1,414,458,459,-1,414,459,439,-1,439,459,460,-1,439,460,448,-1,461,462,463,-1,463,462,464,-1,465,466,442,-1,442,466,467,-1,442,467,431,-1,468,469,425,-1,425,469,470,-1,471,472,425,-1,473,474,475,-1,475,474,476,-1,475,476,477,-1,477,476,478,-1,477,478,463,-1,463,478,479,-1,463,479,461,-1,480,481,420,-1,420,481,482,-1,420,482,437,-1,464,471,463,-1,463,471,425,-1,463,425,483,-1,483,425,470,-1,472,484,425,-1,425,484,485,-1,425,485,486,-1,486,487,425,-1,425,487,488,-1,425,488,420,-1,420,488,489,-1,420,489,480,-1,490,491,492,-1,492,491,493,-1,491,494,493,-1,493,494,495,-1,493,495,496,-1,490,497,491,-1,491,497,498,-1,491,498,499,-1,496,500,493,-1,493,500,501,-1,493,501,425,-1,425,501,502,-1,425,502,468,-1,454,503,424,-1,424,503,504,-1,424,504,425,-1,425,504,505,-1,425,505,493,-1,442,506,465,-1,465,506,507,-1,465,507,508,-1,508,507,509,-1,508,509,510,-1,510,509,491,-1,510,491,511,-1,511,491,499,-1,439,341,414,-1,414,341,335,-1,347,324,420,-1,420,324,425,-1,512,513,514,-1,514,513,515,-1,516,517,518,-1,518,517,519,-1,520,521,522,-1,520,522,523,-1,523,522,524,-1,523,524,525,-1,525,524,526,-1,525,526,527,-1,527,526,528,-1,527,528,529,-1,529,528,530,-1,529,530,531,-1,531,530,512,-1,531,512,514,-1,532,533,534,-1,532,534,535,-1,535,534,536,-1,535,536,537,-1,537,536,538,-1,537,538,539,-1,539,538,540,-1,539,540,541,-1,541,540,542,-1,541,542,543,-1,544,543,545,-1,545,543,542,-1,546,547,548,-1,548,547,549,-1,546,548,550,-1,546,550,551,-1,551,550,552,-1,551,552,553,-1,553,552,554,-1,553,554,555,-1,555,554,556,-1,555,556,557,-1,557,556,558,-1,557,558,559,-1,560,561,562,-1,562,561,513,-1,562,513,558,-1,558,513,559,-1,559,513,512,-1,559,512,521,-1,521,512,530,-1,521,530,528,-1,563,564,562,-1,562,564,565,-1,562,565,560,-1,528,526,521,-1,521,526,524,-1,521,524,522,-1,562,566,567,-1,562,567,563,-1,563,567,568,-1,563,568,564,-1,564,568,569,-1,564,569,565,-1,565,569,570,-1,565,570,560,-1,560,570,571,-1,560,571,561,-1,561,571,515,-1,561,515,513,-1,529,531,520,-1,520,531,514,-1,520,514,532,-1,532,514,533,-1,533,514,515,-1,533,515,566,-1,566,515,571,-1,566,571,570,-1,570,569,566,-1,566,569,568,-1,566,568,567,-1,523,525,520,-1,520,525,527,-1,520,527,529,-1,519,517,572,-1,519,572,573,-1,573,572,574,-1,573,574,575,-1,575,574,576,-1,575,576,577,-1,577,576,578,-1,577,578,579,-1,579,578,580,-1,579,580,581,-1,581,580,582,-1,581,582,583,-1,516,518,584,-1,516,584,585,-1,585,584,586,-1,585,586,587,-1,587,586,588,-1,587,588,589,-1,589,588,590,-1,589,590,591,-1,591,590,592,-1,591,592,593,-1,593,592,594,-1,593,594,595,-1,574,572,582,-1,582,572,517,-1,582,517,596,-1,596,517,597,-1,597,517,516,-1,597,516,595,-1,595,516,585,-1,595,585,587,-1,580,578,582,-1,582,578,576,-1,582,576,574,-1,587,589,595,-1,595,589,591,-1,595,591,593,-1,596,597,598,-1,596,598,599,-1,599,598,600,-1,599,600,601,-1,601,600,602,-1,601,602,603,-1,603,602,604,-1,603,604,605,-1,605,604,606,-1,605,606,607,-1,608,607,609,-1,609,607,606,-1,610,611,612,-1,612,611,613,-1,610,612,614,-1,610,614,615,-1,615,614,616,-1,615,616,617,-1,617,616,618,-1,617,618,619,-1,619,618,620,-1,619,620,621,-1,621,620,622,-1,621,622,623,-1,586,584,594,-1,594,584,518,-1,594,518,622,-1,622,518,623,-1,623,518,519,-1,623,519,583,-1,583,519,573,-1,583,573,575,-1,592,590,594,-1,594,590,588,-1,594,588,586,-1,575,577,583,-1,583,577,579,-1,583,579,581,-1,608,609,624,-1,608,624,625,-1,625,624,626,-1,625,626,627,-1,627,626,628,-1,627,628,629,-1,629,628,474,-1,629,474,473,-1,445,444,630,-1,445,630,631,-1,631,630,632,-1,631,632,633,-1,633,632,634,-1,633,634,635,-1,635,634,549,-1,635,549,547,-1,544,545,636,-1,544,636,637,-1,637,636,638,-1,637,638,639,-1,639,638,373,-1,639,373,375,-1,451,445,374,-1,374,445,375,-1,521,520,559,-1,559,520,532,-1,559,532,557,-1,557,532,535,-1,557,535,555,-1,555,535,537,-1,555,537,553,-1,553,537,539,-1,553,539,551,-1,551,539,541,-1,551,541,546,-1,546,541,543,-1,546,543,547,-1,543,544,547,-1,547,544,637,-1,547,637,635,-1,635,637,639,-1,635,639,633,-1,633,639,375,-1,633,375,631,-1,631,375,445,-1,451,374,452,-1,452,374,372,-1,452,372,454,-1,454,372,371,-1,454,371,503,-1,503,371,385,-1,503,385,504,-1,504,385,384,-1,504,384,505,-1,505,384,364,-1,505,364,493,-1,493,364,392,-1,493,392,492,-1,492,392,401,-1,492,401,490,-1,490,401,402,-1,490,402,497,-1,497,402,395,-1,497,395,498,-1,498,395,406,-1,498,406,499,-1,499,406,405,-1,499,405,511,-1,511,405,404,-1,511,404,510,-1,510,404,407,-1,407,409,510,-1,510,409,508,-1,508,409,465,-1,465,409,411,-1,465,411,466,-1,466,411,344,-1,466,344,467,-1,467,344,345,-1,467,345,431,-1,431,345,346,-1,431,346,432,-1,432,346,383,-1,432,383,433,-1,433,383,382,-1,382,381,433,-1,433,381,434,-1,434,381,422,-1,422,381,353,-1,422,353,423,-1,423,353,352,-1,423,352,428,-1,428,352,351,-1,428,351,429,-1,429,351,337,-1,429,337,430,-1,430,337,336,-1,430,336,458,-1,458,336,350,-1,459,458,370,-1,370,458,350,-1,459,370,460,-1,460,370,369,-1,460,369,448,-1,448,369,368,-1,448,368,446,-1,446,368,362,-1,446,362,447,-1,447,362,361,-1,447,361,449,-1,449,361,360,-1,449,360,450,-1,450,360,343,-1,450,343,440,-1,440,343,342,-1,387,443,386,-1,386,443,453,-1,386,453,363,-1,363,453,424,-1,363,424,365,-1,365,424,426,-1,365,426,366,-1,366,426,427,-1,366,427,367,-1,367,427,438,-1,367,438,342,-1,342,438,440,-1,549,634,638,-1,638,634,632,-1,638,632,373,-1,638,636,549,-1,549,636,545,-1,549,545,548,-1,548,545,542,-1,548,542,550,-1,550,542,540,-1,550,540,552,-1,552,540,538,-1,552,538,554,-1,554,538,536,-1,554,536,556,-1,556,536,534,-1,556,534,558,-1,558,534,533,-1,558,533,562,-1,562,533,566,-1,443,387,444,-1,444,387,373,-1,444,373,630,-1,630,373,632,-1,378,471,325,-1,325,471,464,-1,325,464,326,-1,326,464,462,-1,326,462,328,-1,328,462,461,-1,328,461,329,-1,329,461,479,-1,329,479,333,-1,333,479,478,-1,333,478,330,-1,330,478,476,-1,471,378,472,-1,472,378,388,-1,472,388,484,-1,484,388,390,-1,484,390,485,-1,485,390,389,-1,485,389,486,-1,486,389,377,-1,486,377,487,-1,487,377,376,-1,487,376,488,-1,488,376,398,-1,488,398,489,-1,489,398,397,-1,480,489,396,-1,396,489,397,-1,480,396,481,-1,481,396,359,-1,481,359,482,-1,482,359,358,-1,482,358,437,-1,437,358,357,-1,437,357,436,-1,436,357,349,-1,436,349,435,-1,435,349,348,-1,435,348,455,-1,455,348,356,-1,356,355,455,-1,455,355,456,-1,456,355,457,-1,457,355,354,-1,457,354,441,-1,441,354,339,-1,441,339,442,-1,442,339,338,-1,442,338,506,-1,506,338,413,-1,506,413,507,-1,507,413,412,-1,507,412,509,-1,509,412,410,-1,410,408,509,-1,509,408,491,-1,491,408,494,-1,494,408,394,-1,494,394,495,-1,495,394,393,-1,495,393,496,-1,496,393,403,-1,496,403,500,-1,500,403,400,-1,500,400,501,-1,501,400,399,-1,501,399,502,-1,502,399,391,-1,502,391,468,-1,468,391,323,-1,468,323,469,-1,469,323,322,-1,469,322,470,-1,470,322,340,-1,470,340,483,-1,483,340,380,-1,483,380,463,-1,463,380,379,-1,463,379,477,-1,477,379,327,-1,477,327,475,-1,475,327,334,-1,608,625,640,-1,640,625,641,-1,641,625,627,-1,641,627,332,-1,583,582,623,-1,623,582,596,-1,623,596,621,-1,621,596,599,-1,621,599,619,-1,619,599,601,-1,619,601,617,-1,617,601,603,-1,617,603,615,-1,615,603,605,-1,615,605,610,-1,610,605,607,-1,610,607,611,-1,611,607,608,-1,611,608,642,-1,642,608,640,-1,475,334,473,-1,473,334,332,-1,473,332,629,-1,629,332,627,-1,332,331,643,-1,332,643,641,-1,641,643,644,-1,641,644,640,-1,640,644,645,-1,640,645,642,-1,642,645,613,-1,642,613,611,-1,595,594,597,-1,597,594,622,-1,597,622,598,-1,598,622,620,-1,598,620,600,-1,600,620,618,-1,600,618,602,-1,602,618,616,-1,602,616,604,-1,604,616,614,-1,604,614,606,-1,606,614,612,-1,606,612,609,-1,612,613,609,-1,609,613,645,-1,609,645,624,-1,624,645,644,-1,624,644,626,-1,626,644,643,-1,626,643,628,-1,628,643,331,-1,628,331,474,-1,474,331,330,-1,474,330,476,-1,646,647,648,-1,648,647,649,-1,648,649,650,-1,650,649,651,-1,650,651,652,-1,652,651,653,-1,652,653,654,-1,654,653,655,-1,654,655,656,-1,656,655,657,-1,656,657,658,-1,658,657,659,-1,658,659,660,-1,660,659,661,-1,660,661,662,-1,662,661,663,-1,664,665,666,-1,667,668,666,-1,667,666,669,-1,668,670,666,-1,666,670,671,-1,666,671,664,-1,672,673,674,-1,674,673,675,-1,674,675,676,-1,676,677,674,-1,674,677,678,-1,674,678,679,-1,680,681,682,-1,683,684,685,-1,686,687,688,-1,689,690,674,-1,674,690,665,-1,674,665,672,-1,691,692,693,-1,693,692,694,-1,691,695,692,-1,692,695,696,-1,692,696,697,-1,692,698,694,-1,694,698,685,-1,694,685,699,-1,700,701,418,-1,680,682,690,-1,690,682,702,-1,690,702,703,-1,683,685,418,-1,684,704,685,-1,685,704,705,-1,685,705,699,-1,706,707,708,-1,708,707,709,-1,710,700,711,-1,711,700,418,-1,711,418,712,-1,712,418,685,-1,688,687,711,-1,711,687,713,-1,711,713,710,-1,708,714,706,-1,706,714,715,-1,706,715,679,-1,679,715,716,-1,679,716,674,-1,717,718,719,-1,719,718,720,-1,721,722,665,-1,665,722,723,-1,724,725,726,-1,726,725,727,-1,726,727,728,-1,709,729,708,-1,708,729,730,-1,708,730,688,-1,688,730,731,-1,688,731,686,-1,669,666,732,-1,732,666,733,-1,732,733,720,-1,720,733,734,-1,720,734,719,-1,735,736,665,-1,665,736,737,-1,665,737,666,-1,701,717,418,-1,418,717,719,-1,418,719,419,-1,419,719,738,-1,419,738,739,-1,739,738,740,-1,739,740,741,-1,742,743,744,-1,744,743,745,-1,744,745,746,-1,747,748,749,-1,749,748,750,-1,697,739,692,-1,692,739,741,-1,692,741,750,-1,750,741,751,-1,750,751,749,-1,752,753,665,-1,665,753,754,-1,665,754,755,-1,756,757,665,-1,665,757,758,-1,665,758,721,-1,759,760,744,-1,744,760,761,-1,744,761,762,-1,747,763,748,-1,748,763,764,-1,748,764,765,-1,765,764,766,-1,765,766,767,-1,703,768,690,-1,690,768,769,-1,690,769,665,-1,665,769,770,-1,665,770,752,-1,756,665,771,-1,771,665,755,-1,771,755,772,-1,772,755,773,-1,772,773,727,-1,727,773,774,-1,727,774,728,-1,762,775,744,-1,744,775,776,-1,744,776,723,-1,767,777,765,-1,765,777,778,-1,765,778,746,-1,746,778,779,-1,746,779,744,-1,744,779,780,-1,744,780,759,-1,776,781,723,-1,723,781,782,-1,723,782,665,-1,665,782,783,-1,665,783,735,-1,784,785,786,-1,787,788,789,-1,790,791,792,-1,793,794,795,-1,790,792,796,-1,797,798,795,-1,799,800,801,-1,801,800,802,-1,803,804,805,-1,805,804,806,-1,805,806,807,-1,791,808,792,-1,792,808,809,-1,792,809,810,-1,795,794,811,-1,811,794,812,-1,811,812,813,-1,814,815,816,-1,816,815,817,-1,816,817,818,-1,819,820,810,-1,821,822,795,-1,795,822,823,-1,795,823,797,-1,824,799,825,-1,825,799,801,-1,825,801,826,-1,826,801,827,-1,819,828,820,-1,820,828,829,-1,820,829,830,-1,830,831,820,-1,820,831,832,-1,820,832,833,-1,833,832,834,-1,833,834,835,-1,814,836,815,-1,815,836,833,-1,815,833,837,-1,837,833,835,-1,809,838,810,-1,810,838,805,-1,810,805,819,-1,819,805,807,-1,798,839,840,-1,841,842,795,-1,795,842,843,-1,795,843,793,-1,844,845,846,-1,846,845,847,-1,846,847,848,-1,849,850,851,-1,851,850,852,-1,789,788,825,-1,825,788,853,-1,825,853,824,-1,818,817,854,-1,854,817,855,-1,854,855,856,-1,802,800,805,-1,805,800,857,-1,805,857,858,-1,796,792,859,-1,859,792,821,-1,859,821,860,-1,860,821,795,-1,860,795,861,-1,862,863,839,-1,839,863,864,-1,839,864,840,-1,840,865,798,-1,798,865,866,-1,798,866,867,-1,868,869,870,-1,871,872,873,-1,861,795,872,-1,872,795,874,-1,872,874,873,-1,849,875,850,-1,850,875,876,-1,850,876,846,-1,846,876,877,-1,846,877,844,-1,827,878,826,-1,826,878,879,-1,826,879,880,-1,856,881,854,-1,854,881,882,-1,854,882,789,-1,789,882,883,-1,789,883,787,-1,858,884,805,-1,805,884,885,-1,805,885,803,-1,848,847,869,-1,869,847,886,-1,869,886,870,-1,868,870,873,-1,873,870,887,-1,873,887,871,-1,786,826,784,-1,784,826,880,-1,784,880,852,-1,852,880,888,-1,852,888,851,-1,867,889,798,-1,798,889,890,-1,798,890,795,-1,795,890,891,-1,795,891,841,-1,892,893,894,-1,894,893,895,-1,894,895,896,-1,896,895,897,-1,896,897,898,-1,898,897,899,-1,898,899,900,-1,900,899,901,-1,900,901,902,-1,902,901,903,-1,902,903,904,-1,904,903,905,-1,904,905,674,-1,674,905,873,-1,674,873,689,-1,689,873,874,-1,893,906,907,-1,908,663,909,-1,909,663,910,-1,911,912,913,-1,914,915,895,-1,895,915,916,-1,895,916,917,-1,895,893,914,-1,914,893,907,-1,914,907,918,-1,918,907,663,-1,661,919,663,-1,663,919,920,-1,921,922,923,-1,923,922,924,-1,923,924,925,-1,925,924,926,-1,911,913,927,-1,928,929,663,-1,663,929,930,-1,663,930,918,-1,908,931,663,-1,663,931,932,-1,663,932,928,-1,923,933,921,-1,921,933,934,-1,921,934,935,-1,920,936,663,-1,663,936,937,-1,663,937,910,-1,910,937,938,-1,910,938,939,-1,939,938,940,-1,939,940,941,-1,941,940,921,-1,941,921,942,-1,942,921,935,-1,912,943,913,-1,913,943,944,-1,913,944,924,-1,924,944,945,-1,924,945,926,-1,946,947,948,-1,949,950,951,-1,948,952,946,-1,946,952,953,-1,946,953,954,-1,954,953,955,-1,954,955,917,-1,956,957,895,-1,927,913,958,-1,958,913,959,-1,958,959,960,-1,960,959,961,-1,960,961,962,-1,962,961,963,-1,962,963,964,-1,964,963,965,-1,964,965,966,-1,945,967,926,-1,926,967,968,-1,926,968,969,-1,969,968,970,-1,969,970,971,-1,971,970,972,-1,973,895,974,-1,974,895,975,-1,976,977,978,-1,978,977,979,-1,978,979,980,-1,980,979,981,-1,980,981,949,-1,949,981,982,-1,949,982,950,-1,957,983,895,-1,895,983,984,-1,895,984,949,-1,951,985,949,-1,949,985,986,-1,949,986,895,-1,895,986,987,-1,895,987,975,-1,973,988,895,-1,895,988,964,-1,895,964,989,-1,989,964,966,-1,990,991,992,-1,992,991,993,-1,991,994,993,-1,993,994,995,-1,993,995,996,-1,990,997,991,-1,991,997,998,-1,991,998,999,-1,996,1000,993,-1,993,1000,1001,-1,993,1001,895,-1,895,1001,1002,-1,895,1002,956,-1,955,1003,917,-1,917,1003,1004,-1,917,1004,895,-1,895,1004,1005,-1,895,1005,993,-1,970,1006,972,-1,972,1006,1007,-1,972,1007,1008,-1,1008,1007,1009,-1,1008,1009,1010,-1,1010,1009,991,-1,1010,991,1011,-1,1011,991,999,-1,1012,1013,1014,-1,1014,1013,1015,-1,1016,1017,1018,-1,1018,1017,1019,-1,1018,1019,1020,-1,1020,1019,1021,-1,1021,1019,1022,-1,1021,1022,1023,-1,1023,1022,1024,-1,1023,1024,1025,-1,1026,1027,1018,-1,1018,1027,1028,-1,1018,1028,1016,-1,1025,1029,1023,-1,1023,1029,1030,-1,1023,1030,1031,-1,1022,1019,1032,-1,1032,1019,1033,-1,1034,1035,1036,-1,1036,1035,1032,-1,1036,1032,1037,-1,1037,1032,1038,-1,1038,1032,1033,-1,1038,1033,1039,-1,1039,1033,1040,-1,1039,1040,1041,-1,1042,1043,1036,-1,1036,1043,1044,-1,1036,1044,1034,-1,1041,1045,1039,-1,1039,1045,1046,-1,1039,1046,1047,-1,1048,1049,1050,-1,1050,1049,1051,-1,1052,1053,1054,-1,1055,1056,1057,-1,1058,1059,1060,-1,1058,1060,1061,-1,1062,1063,1064,-1,1064,1063,1065,-1,1064,1065,1066,-1,1067,1068,660,-1,1061,1060,1069,-1,1069,1060,1070,-1,1069,1070,1071,-1,1071,1070,1072,-1,1071,1072,1073,-1,1074,1075,1076,-1,1077,660,1078,-1,1078,660,662,-1,1078,662,1079,-1,1077,1080,660,-1,660,1080,1081,-1,660,1081,1082,-1,1083,1084,1085,-1,1085,1084,1060,-1,1085,1060,1086,-1,1086,1060,1059,-1,1087,1071,892,-1,892,1071,1073,-1,892,1073,1054,-1,1054,1073,1088,-1,1054,1088,1052,-1,894,1089,892,-1,892,1089,1090,-1,892,1090,1091,-1,1092,892,1093,-1,1093,892,1094,-1,1092,1095,892,-1,892,1095,1096,-1,892,1096,1087,-1,1074,1097,1075,-1,1075,1097,1098,-1,1075,1098,1099,-1,1082,1100,660,-1,660,1100,1066,-1,660,1066,1067,-1,1067,1066,1065,-1,1099,1101,1075,-1,1075,1101,1102,-1,1075,1102,1091,-1,1102,1103,1091,-1,1091,1103,1104,-1,1091,1104,892,-1,892,1104,1105,-1,892,1105,1094,-1,1057,1106,1107,-1,1107,1106,1108,-1,1107,1108,1062,-1,1062,1108,1109,-1,1062,1109,1063,-1,1110,1111,1054,-1,1054,1111,1079,-1,1079,1111,1112,-1,1079,1112,1078,-1,1107,1113,1057,-1,1057,1113,1114,-1,1057,1114,1115,-1,1116,1117,1118,-1,1118,1117,1119,-1,1115,1120,1057,-1,1057,1120,1121,-1,1057,1121,1122,-1,1076,1123,1074,-1,1074,1123,1055,-1,1074,1055,1124,-1,1124,1055,1057,-1,1124,1057,1118,-1,1118,1057,1122,-1,1118,1122,1116,-1,1119,1125,1118,-1,1118,1125,1126,-1,1118,1126,1127,-1,1127,1126,1128,-1,1129,1130,1131,-1,1131,1130,1132,-1,1131,1132,1133,-1,1110,1054,1131,-1,1131,1054,1134,-1,1131,1134,1129,-1,1135,1136,1137,-1,1137,1136,1138,-1,1137,1138,1133,-1,1133,1138,1139,-1,1133,1139,1131,-1,1140,1141,1054,-1,1054,1141,1142,-1,1054,1142,1134,-1,1143,1144,1145,-1,1145,1144,1146,-1,1145,1146,1147,-1,1053,1148,1054,-1,1054,1148,1149,-1,1054,1149,1140,-1,1140,1149,1150,-1,1150,1151,1140,-1,1140,1151,1144,-1,1140,1144,1152,-1,1152,1144,1143,-1,1147,1146,1153,-1,1153,1146,1154,-1,1153,1154,1155,-1,1155,1154,1156,-1,1155,1156,1126,-1,1126,1156,1157,-1,1126,1157,1128,-1,1012,1158,1159,-1,1159,1158,1160,-1,1160,1158,1161,-1,1160,1161,1084,-1,1039,1018,1038,-1,1038,1018,1020,-1,1038,1020,1162,-1,1162,1020,1163,-1,1162,1163,1164,-1,1164,1163,1165,-1,1164,1165,1166,-1,1166,1165,1167,-1,1166,1167,1168,-1,1168,1167,1169,-1,1168,1169,1048,-1,1048,1169,1013,-1,1048,1013,1049,-1,1049,1013,1012,-1,1049,1012,1170,-1,1170,1012,1159,-1,978,1060,976,-1,976,1060,1084,-1,976,1084,1171,-1,1171,1084,1161,-1,1023,1036,1021,-1,1021,1036,1037,-1,1021,1037,1172,-1,1172,1037,1173,-1,1172,1173,1174,-1,1174,1173,1175,-1,1174,1175,1176,-1,1176,1175,1177,-1,1176,1177,1178,-1,1178,1177,1179,-1,1178,1179,1015,-1,1015,1179,1050,-1,1015,1050,1014,-1,1050,1051,1014,-1,1014,1051,1180,-1,1014,1180,1181,-1,1181,1180,1182,-1,1181,1182,1183,-1,1183,1182,1184,-1,1183,1184,1185,-1,1185,1184,1083,-1,1185,1083,977,-1,977,1083,1085,-1,977,1085,979,-1,1186,796,859,-1,1187,1188,859,-1,859,1188,1189,-1,859,1189,1186,-1,1190,1191,1192,-1,1187,859,1193,-1,1193,859,1194,-1,1193,1194,1190,-1,1190,1194,1195,-1,1190,1195,1191,-1,1196,1197,1198,-1,1198,1197,1190,-1,1198,1190,1199,-1,1199,1190,1192,-1,1200,1201,1202,-1,1202,1201,1203,-1,1202,1203,1196,-1,1196,1203,1197,-1,1197,1203,1204,-1,1197,1204,1205,-1,1205,1204,1206,-1,1205,1206,1207,-1,1208,1209,1202,-1,1202,1209,1210,-1,1202,1210,1200,-1,1207,1211,1205,-1,1205,1211,1212,-1,1205,1212,1213,-1,1204,1203,1214,-1,1214,1203,1215,-1,1216,1217,1218,-1,1218,1217,1214,-1,1218,1214,1219,-1,1219,1214,1220,-1,1220,1214,1215,-1,1220,1215,1221,-1,1221,1215,1222,-1,1221,1222,1223,-1,1223,1224,1221,-1,1221,1224,1225,-1,1221,1225,1226,-1,1227,1228,1218,-1,1218,1228,1229,-1,1218,1229,1216,-1,1230,1231,1232,-1,1233,1234,1232,-1,1232,1234,1235,-1,1232,1235,1230,-1,1236,1237,1238,-1,1233,1232,1239,-1,1239,1232,1240,-1,1239,1240,1236,-1,1236,1240,1241,-1,1236,1241,1237,-1,1219,1220,1242,-1,1242,1220,1236,-1,1242,1236,1243,-1,1243,1236,1238,-1,1198,1236,1196,-1,1196,1236,1220,-1,1196,1220,1202,-1,1202,1220,1221,-1,1205,1218,1197,-1,1197,1218,1219,-1,1197,1219,1190,-1,1190,1219,1242,-1,715,869,716,-1,716,869,868,-1,716,868,1244,-1,1244,868,1245,-1,1244,1245,1246,-1,1246,1245,1247,-1,1246,1247,1248,-1,1248,1247,1249,-1,1248,1249,1250,-1,1250,1249,1251,-1,1250,1251,1252,-1,1252,1251,1253,-1,1252,1253,1089,-1,1089,1253,989,-1,1089,989,1090,-1,1090,989,966,-1,
        ]
    }
}
Shape{
    appearance Appearance {
        material  Material 	{
            diffuseColor 0.7019607843137254 0.7019607843137254 0.7019607843137254
            specularColor 0.050980392156862744 0.050980392156862744 0.050980392156862744
            ambientIntensity 1.0
            transparency 0.0
            shininess 0.5
        }
    }
    geometry IndexedFaceSet {
        ccw TRUE
        solid FALSE
        coord DEF co Coordinate {
            point [
                2.4606 1.6882 5.9216, 2.4606 -4.7291 5.9216, 2.458 1.6882 5.942, 2.458 -4.7291 5.942, 2.4501 1.6882 5.961, 2.4501 -4.7291 5.961, 2.4376 1.6882 5.9773, 2.4376 -4.7291 5.9773, 2.4213 1.6882 5.9898, 2.4213 -4.7291 5.9898, 2.4023 1.6882 5.9977, 2.4023 -4.7291 5.9977, 2.3819 1.6882 6.0003, 2.3819 -4.7291 6.0003
            ]
        }
        coordIndex [
            0,1,2,-1,2,1,3,-1,2,3,4,-1,4,3,5,-1,4,5,6,-1,6,5,7,-1,6,7,8,-1,8,7,9,-1,8,9,10,-1,10,9,11,-1,10,11,12,-1,12,11,13,-1,
        ]
    }
}
Shape{
    appearance Appearance {
        material  Material 	{
            diffuseColor 0.6666666666666666 0.6666666666666666 0.6666666666666666
            specularColor 0.4666666666666667 0.4666666666666667 0.4666666666666667
            ambientIntensity 0.6667
            transparency 0.0
            shininess 0.5
        }
    }
    geometry IndexedFaceSet {
        ccw TRUE
        solid FALSE
        coord DEF co Coordinate {
            point [
                2.5788 -4.7291 5.9216, 2.5788 1.6882 5.9216, 2.572 1.6882 5.9725, 2.572 -4.7291 5.9725, 2.5524 1.6882 6.02, 2.5524 -4.7291 6.02, 2.5211 1.6882 6.0608, 2.5211 -4.7291 6.0608, 2.4803 1.6882 6.0921, 2.4803 -4.7291 6.0921, 2.4328 1.6882 6.1117, 2.4328 -4.7291 6.1117, 2.3819 1.6882 6.1184, 2.3819 -4.7291 6.1184
            ]
        }
        coordIndex [
            0,1,2,-1,0,2,3,-1,3,2,4,-1,3,4,5,-1,5,4,6,-1,5,6,7,-1,7,6,8,-1,7,8,9,-1,9,8,10,-1,9,10,11,-1,11,10,12,-1,11,12,13,-1,
        ]
    }
}
Shape{
    appearance Appearance {
        material  Material 	{
            diffuseColor 0.7019607843137254 0.7019607843137254 0.7019607843137254
            specularColor 0.050980392156862744 0.050980392156862744 0.050980392156862744
            ambientIntensity 1.0
            transparency 0.0
            shininess 0.5
        }
    }
    geometry IndexedFaceSet {
        ccw TRUE
        solid FALSE
        coord DEF co Coordinate {
            point [
                -2.1464 -4.926 6.3914, -2.126 -4.926 6.394, -2.2047 -4.926 6.3153, 2.2047 -4.926 6.3153, 2.2047 -4.926 6.2366, -2.2047 -4.926 6.2366, -2.202 -4.926 6.3357, -2.1942 -4.926 6.3547, -2.1817 -4.926 6.371, -2.1653 -4.926 6.3835, 2.1942 -4.926 6.3547, 2.1464 -4.926 6.3914, 2.1817 -4.926 6.371, 2.1654 -4.926 6.3835, 2.126 -4.926 6.394, 2.2021 -4.926 6.3357, -2.126 -5.0441 6.394, 2.126 -5.0441 6.394, -2.2047 -5.0441 6.2366, 2.2047 -5.0441 6.2366, -2.2047 -5.0441 6.3153, 2.2047 -5.0441 6.3153, -2.1464 -5.0441 6.3914, -2.1653 -5.0441 6.3835, -2.1817 -5.0441 6.371, -2.202 -5.0441 6.3357, -2.1942 -5.0441 6.3547, 2.2021 -5.0441 6.3357, 2.1464 -5.0441 6.3914, 2.1942 -5.0441 6.3547, 2.1817 -5.0441 6.371, 2.1654 -5.0441 6.3835, -2.2047 -5.036 6.1754, 2.2047 -5.036 6.1754, -2.2047 -5.0124 6.1184, 2.2047 -5.0124 6.1184, -2.2047 -4.9749 6.0695, 2.2047 -4.9749 6.0695, -2.2047 -4.926 6.032, 2.2047 -4.926 6.032, -2.2047 -4.869 6.0084, 2.2047 -4.869 6.0084, -2.2047 -4.8079 6.0003, 2.2047 -4.8079 6.0003, 2.2047 -4.8079 6.1184, -2.2047 -4.8079 6.1184, 2.2047 -4.8384 6.1225, -2.2047 -4.8384 6.1225, 2.2047 -4.8669 6.1343, -2.2047 -4.8669 6.1343, 2.2047 -4.8914 6.153, -2.2047 -4.8914 6.153, 2.2047 -4.9102 6.1775, -2.2047 -4.9102 6.1775, 2.2047 -4.922 6.206, -2.2047 -4.922 6.206
            ]
        }
        coordIndex [
            0,1,2,-1,1,3,2,-1,2,3,4,-1,2,4,5,-1,6,7,8,-1,6,8,2,-1,2,8,9,-1,2,9,0,-1,10,11,12,-1,12,11,13,-1,1,14,3,-1,3,14,11,-1,3,11,15,-1,15,11,10,-1,16,17,1,-1,1,17,14,-1,18,19,20,-1,20,19,21,-1,22,23,20,-1,20,23,24,-1,20,24,25,-1,25,24,26,-1,27,28,21,-1,21,28,17,-1,21,17,20,-1,20,17,16,-1,20,16,22,-1,27,29,28,-1,28,29,30,-1,28,30,31,-1,19,18,32,-1,19,32,33,-1,33,32,34,-1,33,34,35,-1,35,34,36,-1,35,36,37,-1,37,36,38,-1,37,38,39,-1,39,38,40,-1,39,40,41,-1,41,40,42,-1,41,42,43,-1,44,45,46,-1,46,45,47,-1,46,47,48,-1,48,47,49,-1,48,49,50,-1,50,49,51,-1,50,51,52,-1,52,51,53,-1,52,53,54,-1,54,53,55,-1,54,55,4,-1,4,55,5,-1,3,21,4,-1,4,21,19,-1,4,19,54,-1,54,19,33,-1,54,33,52,-1,52,33,35,-1,52,35,50,-1,50,35,37,-1,50,37,48,-1,48,37,39,-1,48,39,46,-1,46,39,41,-1,46,41,44,-1,44,41,43,-1,21,3,15,-1,21,15,27,-1,27,15,10,-1,27,10,29,-1,29,10,12,-1,29,12,30,-1,30,12,13,-1,30,13,31,-1,31,13,11,-1,31,11,28,-1,28,11,14,-1,28,14,17,-1,
        ]
    }
}
Shape{
    appearance Appearance {
        material  Material 	{
            diffuseColor 0.6666666666666666 0.6666666666666666 0.6666666666666666
            specularColor 0.4666666666666667 0.4666666666666667 0.4666666666666667
            ambientIntensity 0.6667
            transparency 0.0
            shininess 0.5
        }
    }
    geometry IndexedFaceSet {
        ccw TRUE
        solid FALSE
        coord DEF co Coordinate {
            point [
                2.5788 -4.8079 0.8232, 2.5788 -4.8079 5.7838, 2.5828 -4.8384 0.8232, 2.5828 -4.8384 5.7838, 2.5946 -4.8669 0.8232, 2.5946 -4.8669 5.7838, 2.6133 -4.8914 0.8232, 2.6133 -4.8914 5.7838, 2.6378 -4.9102 0.8232, 2.6378 -4.9102 5.7838, 2.6663 -4.922 0.8232, 2.6663 -4.922 5.7838, 2.6969 -4.926 0.8232, 2.6969 -4.926 5.7838, 2.7756 -4.926 0.8232, 2.7756 -4.926 5.7838, 2.8517 -4.926 5.7254, 2.8543 -4.926 5.7051, 2.796 -4.926 5.7811, 2.815 -4.926 5.7732, 2.8313 -4.926 5.7607, 2.8543 -4.926 0.9019, 2.8517 -4.926 0.8815, 2.8438 -4.926 5.7444, 2.8438 -4.926 0.8625, 2.8313 -4.926 0.8462, 2.796 -4.926 0.8259, 2.815 -4.926 0.8337, 2.8543 -5.0441 5.7051, 2.8543 -5.0441 0.9019, 2.7756 -5.0441 5.7838, 2.6969 -5.0441 5.7838, 2.7756 -5.0441 0.8232, 2.6969 -5.0441 0.8232, 2.8517 -5.0441 0.8815, 2.796 -5.0441 0.8259, 2.815 -5.0441 0.8337, 2.8313 -5.0441 0.8462, 2.8517 -5.0441 5.7254, 2.8438 -5.0441 0.8625, 2.8438 -5.0441 5.7444, 2.8313 -5.0441 5.7607, 2.796 -5.0441 5.7811, 2.815 -5.0441 5.7732, 2.6357 -5.036 5.7838, 2.6357 -5.036 0.8232, 2.5788 -5.0124 5.7838, 2.5788 -5.0124 0.8232, 2.5298 -4.9749 5.7838, 2.5298 -4.9749 0.8232, 2.4923 -4.926 5.7838, 2.4923 -4.926 0.8232, 2.4687 -4.869 5.7838, 2.4687 -4.869 0.8232, 2.4606 -4.8079 5.7838, 2.4606 -4.8079 0.8232
            ]
        }
        coordIndex [
            0,1,2,-1,2,1,3,-1,2,3,4,-1,4,3,5,-1,4,5,6,-1,6,5,7,-1,6,7,8,-1,8,7,9,-1,8,9,10,-1,10,9,11,-1,10,11,12,-1,12,11,13,-1,12,13,14,-1,14,13,15,-1,16,17,15,-1,18,19,20,-1,15,17,14,-1,14,17,21,-1,14,21,22,-1,18,20,15,-1,15,20,23,-1,15,23,16,-1,22,24,14,-1,14,24,25,-1,14,25,26,-1,26,25,27,-1,28,29,17,-1,17,29,21,-1,30,31,32,-1,32,31,33,-1,34,29,32,-1,35,36,37,-1,32,29,30,-1,30,29,28,-1,30,28,38,-1,35,37,32,-1,32,37,39,-1,32,39,34,-1,38,40,30,-1,30,40,41,-1,30,41,42,-1,42,41,43,-1,33,31,44,-1,33,44,45,-1,45,44,46,-1,45,46,47,-1,47,46,48,-1,47,48,49,-1,49,48,50,-1,49,50,51,-1,51,50,52,-1,51,52,53,-1,53,52,54,-1,53,54,55,-1,
        ]
    }
}
Shape{
    appearance Appearance {
        material  Material 	{
            diffuseColor 0.7019607843137254 0.7019607843137254 0.7019607843137254
            specularColor 0.050980392156862744 0.050980392156862744 0.050980392156862744
            ambientIntensity 1.0
            transparency 0.0
            shininess 0.5
        }
    }
    geometry IndexedFaceSet {
        ccw TRUE
        solid FALSE
        coord DEF co Coordinate {
            point [
                2.5788 -4.8079 5.7838, 2.4606 -4.8079 5.7838, 2.5828 -4.8384 5.7838, 2.4687 -4.869 5.7838, 2.5946 -4.8669 5.7838, 2.4923 -4.926 5.7838, 2.6133 -4.8914 5.7838, 2.5298 -4.9749 5.7838, 2.6378 -4.9102 5.7838, 2.5788 -5.0124 5.7838, 2.6663 -4.922 5.7838, 2.6357 -5.036 5.7838, 2.6969 -4.926 5.7838, 2.6969 -5.0441 5.7838, 2.7756 -4.926 5.7838, 2.7756 -5.0441 5.7838
            ]
        }
        coordIndex [
            0,1,2,-1,2,1,3,-1,2,3,4,-1,4,3,5,-1,4,5,6,-1,6,5,7,-1,6,7,8,-1,8,7,9,-1,8,9,10,-1,10,9,11,-1,10,11,12,-1,12,11,13,-1,12,13,14,-1,14,13,15,-1,
        ]
    }
}
Shape{
    appearance Appearance {
        material  Material 	{
            diffuseColor 1.0 1.0 1.0
            specularColor 0.8784313725490196 0.8784313725490196 0.8784313725490196
            ambientIntensity 1.0
            transparency 0.0
            shininess 0.5
        }
    }
    geometry IndexedFaceSet {
        ccw TRUE
        solid FALSE
        coord DEF co Coordinate {
            point [
                2.8543 -5.0441 5.7051, 2.8543 -4.926 5.7051, 2.8517 -4.926 5.7254, 2.8517 -5.0441 5.7254, 2.8438 -4.926 5.7444, 2.8438 -5.0441 5.7444, 2.8313 -4.926 5.7607, 2.8313 -5.0441 5.7607, 2.815 -4.926 5.7732, 2.815 -5.0441 5.7732, 2.796 -4.926 5.7811, 2.796 -5.0441 5.7811, 2.7756 -4.926 5.7838, 2.7756 -5.0441 5.7838, 2.2835 -4.7291 6.0003, 2.2835 -4.7291 6.1184, 2.2631 -4.7318 6.0003, 2.2631 -4.7318 6.1184, 2.2441 -4.7397 6.0003, 2.2441 -4.7397 6.1184, 2.2278 -4.7522 6.0003, 2.2278 -4.7522 6.1184, 2.2153 -4.7685 6.0003, 2.2153 -4.7685 6.1184, 2.2074 -4.7875 6.0003, 2.2074 -4.7875 6.1184, 2.2047 -4.8079 6.0003, 2.2047 -4.8079 6.1184, 2.5788 -4.7291 5.8625, 2.4606 -4.7291 5.8625, 2.5788 -4.7318 5.8422, 2.4606 -4.7318 5.8422, 2.5788 -4.7397 5.8232, 2.4606 -4.7397 5.8232, 2.5788 -4.7522 5.8069, 2.4606 -4.7522 5.8069, 2.5788 -4.7685 5.7943, 2.4606 -4.7685 5.7943, 2.5788 -4.7875 5.7865, 2.4606 -4.7875 5.7865, 2.5788 -4.8079 5.7838, 2.4606 -4.8079 5.7838
            ]
        }
        coordIndex [
            0,1,2,-1,0,2,3,-1,3,2,4,-1,3,4,5,-1,5,4,6,-1,5,6,7,-1,7,6,8,-1,7,8,9,-1,9,8,10,-1,9,10,11,-1,11,10,12,-1,11,12,13,-1,14,15,16,-1,16,15,17,-1,16,17,18,-1,18,17,19,-1,18,19,20,-1,20,19,21,-1,20,21,22,-1,22,21,23,-1,22,23,24,-1,24,23,25,-1,24,25,26,-1,26,25,27,-1,28,29,30,-1,30,29,31,-1,30,31,32,-1,32,31,33,-1,32,33,34,-1,34,33,35,-1,34,35,36,-1,36,35,37,-1,36,37,38,-1,38,37,39,-1,38,39,40,-1,40,39,41,-1,
        ]
    }
}
Shape{
    appearance Appearance {
        material  Material 	{
            diffuseColor 0.6666666666666666 0.6666666666666666 0.6666666666666666
            specularColor 0.4666666666666667 0.4666666666666667 0.4666666666666667
            ambientIntensity 0.6667
            transparency 0.0
            shininess 0.5
        }
    }
    geometry IndexedFaceSet {
        ccw TRUE
        solid FALSE
        coord DEF co Coordinate {
            point [
                2.4661 -2.1307 4.4955, 2.4606 -2.1307 4.4955, 2.4606 -2.133 4.4765, 2.5788 -2.1307 4.4955, 2.5788 -2.133 4.4765, 2.5788 -2.1398 4.4587, 2.4606 -2.1398 4.4587, 2.5788 -2.1507 4.443, 2.4606 -2.1507 4.443, 2.5788 -2.165 4.4304, 2.4606 -2.165 4.4304, 2.5788 -2.1819 4.4217, 2.4606 -2.1819 4.4217, 2.5788 -2.2005 4.4172, 2.4606 -2.2005 4.4172, 2.5788 -2.2196 4.4174, 2.4606 -2.2196 4.4174, 2.5788 -3.962 4.6434, 2.4606 -3.962 4.6434, 2.4606 -4.0992 4.7995, 2.5788 -4.0992 4.7995, 2.4606 -4.0947 4.7621, 2.5788 -4.0947 4.7621, 2.4606 -4.0814 4.7267, 2.5788 -4.0814 4.7267, 2.4606 -4.06 4.6956, 2.5788 -4.06 4.6956, 2.4606 -4.0319 4.6704, 2.5788 -4.0319 4.6704, 2.4606 -3.9986 4.6527, 2.5788 -3.9986 4.6527, 2.5788 -4.0992 5.1932, 2.4606 -4.0992 5.1932, 2.4606 -3.962 5.3494, 2.5788 -3.962 5.3494, 2.4606 -3.9986 5.3401, 2.5788 -3.9986 5.3401, 2.4606 -4.0319 5.3224, 2.5788 -4.0319 5.3224, 2.4606 -4.06 5.2972, 2.5788 -4.06 5.2972, 2.4606 -4.0814 5.2661, 2.5788 -4.0814 5.2661, 2.4606 -4.0947 5.2307, 2.5788 -4.0947 5.2307, 2.5788 -2.2196 5.5754, 2.4606 -2.2196 5.5754, 2.4661 -2.1307 5.4973, 2.5788 -2.1307 5.4973, 2.5788 -2.133 5.5163, 2.4606 -2.1307 5.4973, 2.4606 -2.133 5.5163, 2.4606 -2.1398 5.5341, 2.5788 -2.1398 5.5341, 2.4606 -2.1507 5.5498, 2.5788 -2.1507 5.5498, 2.4606 -2.165 5.5623, 2.5788 -2.165 5.5623, 2.4606 -2.1819 5.5711, 2.5788 -2.1819 5.5711, 2.4606 -2.2005 5.5756, 2.5788 -2.2005 5.5756, 2.5681 -2.1993 4.5735, 2.4554 -2.1993 4.5735, 2.4582 -2.181 4.5689, 2.5709 -2.181 4.5689, 2.4608 -2.1644 4.56, 2.5735 -2.1644 4.56, 2.463 -2.1503 4.5474, 2.5757 -2.1503 4.5474, 2.4647 -2.1396 4.5319, 2.5774 -2.1396 4.5319, 2.4657 -2.133 4.5142, 2.5784 -2.133 4.5142, 2.4657 -2.133 5.4786, 2.5784 -2.133 5.4786, 2.4647 -2.1396 5.4609, 2.5774 -2.1396 5.4609, 2.463 -2.1503 5.4454, 2.5757 -2.1503 5.4454, 2.4608 -2.1644 5.4328, 2.5735 -2.1644 5.4328, 2.4582 -2.181 5.4239, 2.5709 -2.181 5.4239, 2.4554 -2.1993 5.4192, 2.5681 -2.1993 5.4192, 2.3691 -3.6841 4.7661, 2.4793 -3.6395 4.7603, 2.4949 -3.678 4.7705, 2.3847 -3.7226 4.7763, 2.5091 -3.7131 4.7904, 2.3988 -3.7577 4.7962, 2.5211 -3.7428 4.8188, 2.4109 -3.7874 4.8245, 2.5302 -3.7653 4.854, 2.42 -3.8099 4.8597, 2.5359 -3.7794 4.894, 2.4257 -3.824 4.8998, 2.5378 -3.7842 4.9365, 2.4276 -3.8288 4.9422, 2.4793 -3.6395 5.2324, 2.3691 -3.6841 5.2267, 2.3847 -3.7226 5.2165, 2.4949 -3.678 5.2223, 2.3988 -3.7577 5.1966, 2.5091 -3.7131 5.2024, 2.4109 -3.7874 5.1683, 2.5211 -3.7428 5.174, 2.42 -3.8099 5.1331, 2.5302 -3.7653 5.1388, 2.4257 -3.824 5.093, 2.5359 -3.7794 5.0988, 2.4276 -3.8288 5.0506, 2.5378 -3.7842 5.0563, 1.7823 -4.497 6.1184, 1.8854 -2.5285 6.1184, 1.7823 -4.497 6.0003, 1.8854 -2.5285 6.0003, 1.7036 -4.5716 6.0003, 0.6586 -4.5716 6.0003, 1.7036 -4.5716 6.1184, 0.6586 -4.5716 6.1184, 0.58 -4.497 6.0003, 0.4768 -2.5285 6.0003, 0.58 -4.497 6.1184, 0.4768 -2.5285 6.1184, 1.7787 -4.5166 6.1184, 1.7787 -4.5166 6.0003, 1.7704 -4.5346 6.1184, 1.7704 -4.5346 6.0003, 1.7578 -4.55 6.1184, 1.7578 -4.55 6.0003, 1.7418 -4.5618 6.1184, 1.7418 -4.5618 6.0003, 1.7233 -4.5691 6.1184, 1.7233 -4.5691 6.0003, 0.6389 -4.5691 6.1184, 0.6389 -4.5691 6.0003, 0.6204 -4.5618 6.1184, 0.6204 -4.5618 6.0003, 0.6044 -4.55 6.1184, 0.6044 -4.55 6.0003, 0.5918 -4.5346 6.1184, 0.5918 -4.5346 6.0003, 0.5835 -4.5166 6.1184, 0.5835 -4.5166 6.0003, 1.8068 -2.4457 6.1184, 1.8068 -2.4457 6.0003, 1.8249 -2.4478 6.1184, 1.8249 -2.4478 6.0003, 1.842 -2.454 6.1184, 1.842 -2.454 6.0003, 1.8573 -2.464 6.1184, 1.8573 -2.464 6.0003, 1.8698 -2.4772 6.1184, 1.8698 -2.4772 6.0003, 1.879 -2.4929 6.1184, 1.879 -2.4929 6.0003, 1.8843 -2.5103 6.1184, 1.8843 -2.5103 6.0003, 0.478 -2.5103 6.1184, 0.478 -2.5103 6.0003, 0.4833 -2.4929 6.1184, 0.4833 -2.4929 6.0003, 0.4924 -2.4772 6.1184, 0.4924 -2.4772 6.0003, 0.505 -2.464 6.1184, 0.505 -2.464 6.0003, 0.5202 -2.454 6.1184, 0.5202 -2.454 6.0003, 0.5373 -2.4478 6.1184, 0.5373 -2.4478 6.0003, 0.5554 -2.4457 6.1184, 0.5554 -2.4457 6.0003, 1.7871 -2.4482 6.0003, 1.7871 -2.4482 6.1184, 1.7686 -2.4555 6.0003, 1.7686 -2.4555 6.1184, 1.7526 -2.4673 6.0003, 1.7526 -2.4673 6.1184, 1.74 -2.4827 6.0003, 1.74 -2.4827 6.1184, 1.7317 -2.5007 6.0003, 1.7317 -2.5007 6.1184, 1.7282 -2.5203 6.0003, 1.7282 -2.5203 6.1184, 0.5751 -2.4482 6.1184, 0.5751 -2.4482 6.0003, 0.5936 -2.4555 6.1184, 0.5936 -2.4555 6.0003, 0.6096 -2.4673 6.1184, 0.6096 -2.4673 6.0003, 0.6222 -2.4827 6.1184, 0.6222 -2.4827 6.0003, 0.6305 -2.5007 6.1184, 0.6305 -2.5007 6.0003, 0.6341 -2.5203 6.1184, 0.6341 -2.5203 6.0003, 1.5264 -4.2149 6.112, 1.5243 -4.2567 6.0397, 1.554 -4.2534 6.0378, 1.5562 -4.2116 6.1101, 1.5818 -4.2437 6.0322, 1.584 -4.202 6.1046, 1.6059 -4.2283 6.0233, 1.6081 -4.1866 6.0957, 1.6247 -4.2082 6.0117, 1.6269 -4.1664 6.084, 1.6371 -4.1846 5.9981, 1.6393 -4.1428 6.0704, 1.6423 -4.159 5.9833, 1.6445 -4.1173 6.0557, 0.838 -4.2567 6.0397, 0.8358 -4.2149 6.112, 0.8061 -4.2116 6.1101, 0.8083 -4.2534 6.0378, 0.7783 -4.202 6.1046, 0.7804 -4.2437 6.0322, 0.7542 -4.1866 6.0957, 0.7563 -4.2283 6.0233, 0.7353 -4.1664 6.084, 0.7375 -4.2082 6.0117, 0.7229 -4.1428 6.0704, 0.7251 -4.1846 5.9981, 0.7178 -4.1173 6.0557, 0.7199 -4.159 5.9833, 0.6841 -3.476 6.0003, 1.6781 -3.476 6.0003, 1.6773 -3.4914 5.9988, 0.685 -3.4914 5.9988, 1.6765 -3.5062 5.9943, 0.6857 -3.5062 5.9943, 1.6758 -3.5198 5.9871, 0.6864 -3.5198 5.9871, 1.6752 -3.5317 5.9773, 0.6871 -3.5317 5.9773, 0.7024 -3.8236 5.8861, 1.6599 -3.8236 5.8861, 1.6609 -3.8046 5.8782, 0.7014 -3.8046 5.8782, 1.6619 -3.7842 5.8755, 0.7003 -3.7842 5.8755, 1.663 -3.7638 5.8782, 0.6992 -3.7638 5.8782, 1.664 -3.7448 5.8861, 0.6982 -3.7448 5.8861, 1.6648 -3.7285 5.8986, 0.6974 -3.7285 5.8986, 0.6944 -3.672 5.8369, 1.6678 -3.672 5.8369, 1.6661 -3.7047 5.8119, 0.6961 -3.7047 5.8119, 1.6641 -3.7426 5.7962, 0.6981 -3.7426 5.7962, 1.662 -3.7834 5.7908, 0.7003 -3.7834 5.7908, 1.6598 -3.8242 5.7962, 0.7024 -3.8242 5.7962, 1.6578 -3.8621 5.8119, 0.7044 -3.8621 5.8119, 0.6883 -3.5548 6.0723, 1.674 -3.5548 6.0723, 1.6752 -3.5309 6.0919, 0.687 -3.5309 6.0919, 1.6766 -3.5037 6.1065, 0.6856 -3.5037 6.1065, 1.6782 -3.4741 6.1154, 0.684 -3.4741 6.1154, 1.6798 -3.4434 6.1184, 0.6824 -3.4434 6.1184, -0.6974 -3.7285 5.8986, -0.6883 -3.5548 6.0723, -1.6648 -3.7285 5.8986, -1.6739 -3.5548 6.0723, -1.5839 -4.202 6.1046, -1.5561 -4.2116 6.1101, -1.6445 -4.1173 6.0557, -1.5264 -4.2149 6.112, -1.6598 -3.8236 5.8861, -0.7023 -3.8236 5.8861, -0.8358 -4.2149 6.112, -0.7177 -4.1173 6.0557, -0.806 -4.2116 6.1101, -0.7782 -4.202 6.1046, -1.6393 -4.1428 6.0704, -1.6269 -4.1664 6.084, -1.6081 -4.1866 6.0957, -0.7541 -4.1866 6.0957, -0.7353 -4.1664 6.084, -0.7229 -4.1428 6.0704, -0.838 -4.2567 6.0397, -1.5242 -4.2567 6.0397, -0.7804 -4.2437 6.0322, -0.8082 -4.2534 6.0378, -0.7199 -4.159 5.9833, -0.7044 -3.8621 5.8119, -1.6578 -3.8621 5.8119, -1.6423 -4.159 5.9833, -1.554 -4.2534 6.0378, -1.5818 -4.2437 6.0322, -1.6059 -4.2283 6.0233, -1.6247 -4.2082 6.0117, -1.6371 -4.1846 5.9981, -0.7251 -4.1846 5.9981, -0.7375 -4.2082 6.0117, -0.7563 -4.2283 6.0233, -0.687 -3.5317 5.9773, -0.6944 -3.672 5.8369, -1.6751 -3.5317 5.9773, -1.6678 -3.672 5.8369, -0.6961 -3.7047 5.8119, -0.6981 -3.7419 5.8879, -0.6981 -3.7426 5.7962, -0.6989 -3.7573 5.8803, -0.7002 -3.7834 5.7908, -0.6864 -3.5198 5.9871, -0.687 -3.5309 6.0919, -0.6857 -3.5062 5.9943, -0.6856 -3.5037 6.1065, -0.6849 -3.4914 5.9988, -0.684 -3.4741 6.1154, -0.6841 -3.476 6.0003, -0.6824 -3.4434 6.1184, -0.634 -2.5203 6.0003, -0.634 -2.5203 6.1184, -0.7015 -3.8079 5.8792, -0.7024 -3.8242 5.7962, -0.7006 -3.7911 5.8758, -0.6997 -3.7739 5.8762, -1.6752 -3.5309 6.0919, -1.6765 -3.5062 5.9943, -1.6598 -3.8242 5.7962, -1.6607 -3.8079 5.8792, -1.6619 -3.7834 5.7908, -1.6773 -3.4914 5.9988, -1.6766 -3.5037 6.1065, -1.6781 -3.476 6.0003, -1.6758 -3.5198 5.9871, -1.6641 -3.7419 5.8879, -1.6661 -3.7047 5.8119, -1.6633 -3.7573 5.8803, -1.6641 -3.7426 5.7962, -1.6624 -3.7739 5.8762, -1.6615 -3.7911 5.8758, -1.7281 -2.5203 6.1184, -1.7281 -2.5203 6.0003, -1.6798 -3.4434 6.1184, -1.6782 -3.4741 6.1154, -2.5784 -2.133 5.4786, -2.5787 -2.1307 5.4973, -2.5787 -2.1307 4.4955, -2.5735 -2.1644 5.4328, -2.5757 -2.1503 5.4454, -2.5773 -2.1396 5.4609, -2.5681 -2.1993 5.4192, -2.5757 -2.1503 4.5474, -2.5735 -2.1644 4.56, -2.5709 -2.181 5.4239, -2.5784 -2.133 4.5142, -2.5773 -2.1396 4.5319, -2.3819 -3.3986 4.7291, -2.3819 -3.3986 5.2637, -2.5681 -2.1993 4.5735, -2.5709 -2.181 4.5689, -2.5302 -3.7653 4.854, -2.5359 -3.7794 4.894, -2.4793 -3.6395 4.7603, -2.5378 -3.7842 4.9365, -2.5378 -3.7842 5.0563, -2.4793 -3.6395 5.2324, -2.5359 -3.7794 5.0988, -2.5302 -3.7653 5.1388, -2.5211 -3.7428 5.174, -2.5091 -3.7131 5.2024, -2.4949 -3.678 5.2223, -2.4949 -3.678 4.7705, -2.5091 -3.7131 4.7904, -2.5211 -3.7428 4.8188, -2.4276 -3.8288 5.0506, -2.4276 -3.8288 4.9422, -2.4199 -3.8099 5.1331, -2.4256 -3.824 5.093, -2.3691 -3.6841 5.2267, -2.2649 -3.4264 5.2601, -2.2649 -3.4264 4.7327, -2.3691 -3.6841 4.7661, -2.4256 -3.824 4.8998, -2.4199 -3.8099 4.8597, -2.3846 -3.7226 5.2165, -2.3988 -3.7577 5.1966, -2.4108 -3.7874 5.1683, -2.4108 -3.7874 4.8245, -2.3988 -3.7577 4.7962, -2.3846 -3.7226 4.7763, -2.4657 -2.133 4.5142, -2.466 -2.1307 4.4955, -2.466 -2.1307 5.4973, -2.4608 -2.1644 4.56, -2.463 -2.1503 4.5474, -2.4647 -2.1396 4.5319, -2.4554 -2.1993 4.5735, -2.463 -2.1503 5.4454, -2.4608 -2.1644 5.4328, -2.4582 -2.181 4.5689, -2.4657 -2.133 5.4786, -2.4647 -2.1396 5.4609, -2.4554 -2.1993 5.4192, -2.4582 -2.181 5.4239, -2.2835 -4.7291 6.0003, -2.2835 -4.7291 6.1184, -2.3819 -4.7291 6.0003, -2.3819 -4.7291 6.1184, -2.4023 -4.7291 5.9977, -2.4328 -4.7291 6.1117, -2.4212 -4.7291 5.9898, -2.4803 -4.7291 6.0921, -2.4376 -4.7291 5.9773, -2.5211 -4.7291 6.0608, -2.4501 -4.7291 5.961, -2.5524 -4.7291 6.02, -2.4579 -4.7291 5.942, -2.572 -4.7291 5.9725, -2.4606 -4.7291 5.9216, -2.5787 -4.7291 5.9216, -2.4606 -4.7291 5.8625, -2.5787 -4.7291 5.8625
            ]
        }
        coordIndex [
            0,1,2,-1,3,0,4,-1,4,0,2,-1,4,2,5,-1,5,2,6,-1,5,6,7,-1,7,6,8,-1,7,8,9,-1,9,8,10,-1,9,10,11,-1,11,10,12,-1,11,12,13,-1,13,12,14,-1,13,14,15,-1,15,14,16,-1,17,15,18,-1,18,15,16,-1,19,20,21,-1,21,20,22,-1,21,22,23,-1,23,22,24,-1,23,24,25,-1,25,24,26,-1,25,26,27,-1,27,26,28,-1,27,28,29,-1,29,28,30,-1,29,30,18,-1,18,30,17,-1,31,20,32,-1,32,20,19,-1,33,34,35,-1,35,34,36,-1,35,36,37,-1,37,36,38,-1,37,38,39,-1,39,38,40,-1,39,40,41,-1,41,40,42,-1,41,42,43,-1,43,42,44,-1,43,44,32,-1,32,44,31,-1,45,34,46,-1,46,34,33,-1,47,48,49,-1,50,47,51,-1,51,47,49,-1,51,49,52,-1,52,49,53,-1,52,53,54,-1,54,53,55,-1,54,55,56,-1,56,55,57,-1,56,57,58,-1,58,57,59,-1,58,59,60,-1,60,59,61,-1,60,61,46,-1,46,61,45,-1,47,50,0,-1,0,50,1,-1,62,63,64,-1,62,64,65,-1,65,64,66,-1,65,66,67,-1,67,66,68,-1,67,68,69,-1,69,68,70,-1,69,70,71,-1,71,70,72,-1,71,72,73,-1,73,72,0,-1,73,0,3,-1,48,47,74,-1,48,74,75,-1,75,74,76,-1,75,76,77,-1,77,76,78,-1,77,78,79,-1,79,78,80,-1,79,80,81,-1,81,80,82,-1,81,82,83,-1,83,82,84,-1,83,84,85,-1,86,87,88,-1,86,88,89,-1,89,88,90,-1,89,90,91,-1,91,90,92,-1,91,92,93,-1,93,92,94,-1,93,94,95,-1,95,94,96,-1,95,96,97,-1,97,96,98,-1,97,98,99,-1,100,101,102,-1,100,102,103,-1,103,102,104,-1,103,104,105,-1,105,104,106,-1,105,106,107,-1,107,106,108,-1,107,108,109,-1,109,108,110,-1,109,110,111,-1,111,110,112,-1,111,112,113,-1,114,115,116,-1,116,115,117,-1,118,119,120,-1,120,119,121,-1,122,123,124,-1,124,123,125,-1,114,116,126,-1,126,116,127,-1,126,127,128,-1,128,127,129,-1,128,129,130,-1,130,129,131,-1,130,131,132,-1,132,131,133,-1,132,133,134,-1,134,133,135,-1,134,135,120,-1,120,135,118,-1,121,119,136,-1,136,119,137,-1,136,137,138,-1,138,137,139,-1,138,139,140,-1,140,139,141,-1,140,141,142,-1,142,141,143,-1,142,143,144,-1,144,143,145,-1,144,145,124,-1,124,145,122,-1,146,147,148,-1,148,147,149,-1,148,149,150,-1,150,149,151,-1,150,151,152,-1,152,151,153,-1,152,153,154,-1,154,153,155,-1,154,155,156,-1,156,155,157,-1,156,157,158,-1,158,157,159,-1,158,159,115,-1,115,159,117,-1,125,123,160,-1,160,123,161,-1,160,161,162,-1,162,161,163,-1,162,163,164,-1,164,163,165,-1,164,165,166,-1,166,165,167,-1,166,167,168,-1,168,167,169,-1,168,169,170,-1,170,169,171,-1,170,171,172,-1,172,171,173,-1,147,146,174,-1,174,146,175,-1,174,175,176,-1,176,175,177,-1,176,177,178,-1,178,177,179,-1,178,179,180,-1,180,179,181,-1,180,181,182,-1,182,181,183,-1,182,183,184,-1,184,183,185,-1,172,173,186,-1,186,173,187,-1,186,187,188,-1,188,187,189,-1,188,189,190,-1,190,189,191,-1,190,191,192,-1,192,191,193,-1,192,193,194,-1,194,193,195,-1,194,195,196,-1,196,195,197,-1,198,199,200,-1,198,200,201,-1,201,200,202,-1,201,202,203,-1,203,202,204,-1,203,204,205,-1,205,204,206,-1,205,206,207,-1,207,206,208,-1,207,208,209,-1,209,208,210,-1,209,210,211,-1,212,213,214,-1,212,214,215,-1,215,214,216,-1,215,216,217,-1,217,216,218,-1,217,218,219,-1,219,218,220,-1,219,220,221,-1,221,220,222,-1,221,222,223,-1,223,222,224,-1,223,224,225,-1,226,227,228,-1,226,228,229,-1,229,228,230,-1,229,230,231,-1,231,230,232,-1,231,232,233,-1,233,232,234,-1,233,234,235,-1,236,237,238,-1,236,238,239,-1,239,238,240,-1,239,240,241,-1,241,240,242,-1,241,242,243,-1,243,242,244,-1,243,244,245,-1,245,244,246,-1,245,246,247,-1,248,249,250,-1,248,250,251,-1,251,250,252,-1,251,252,253,-1,253,252,254,-1,253,254,255,-1,255,254,256,-1,255,256,257,-1,257,256,258,-1,257,258,259,-1,260,261,262,-1,260,262,263,-1,263,262,264,-1,263,264,265,-1,265,264,266,-1,265,266,267,-1,267,266,268,-1,267,268,269,-1,270,271,272,-1,272,271,273,-1,274,275,276,-1,276,275,277,-1,276,277,278,-1,278,277,279,-1,279,277,280,-1,279,280,281,-1,281,280,282,-1,281,282,283,-1,284,285,276,-1,276,285,286,-1,276,286,274,-1,283,287,281,-1,281,287,288,-1,281,288,289,-1,280,277,290,-1,290,277,291,-1,292,293,294,-1,294,293,290,-1,294,290,295,-1,295,290,296,-1,296,290,291,-1,296,291,297,-1,297,291,298,-1,297,298,299,-1,299,300,297,-1,297,300,301,-1,297,301,302,-1,303,304,294,-1,294,304,305,-1,294,305,292,-1,306,307,308,-1,308,307,309,-1,271,270,307,-1,307,270,310,-1,310,270,311,-1,310,311,312,-1,312,311,313,-1,312,313,314,-1,307,306,271,-1,271,306,315,-1,271,315,316,-1,316,315,317,-1,316,317,318,-1,318,317,319,-1,318,319,320,-1,320,319,321,-1,320,321,322,-1,322,321,323,-1,322,323,324,-1,281,294,279,-1,279,294,295,-1,279,295,325,-1,325,295,326,-1,325,326,327,-1,327,326,314,-1,327,314,328,-1,328,314,313,-1,273,329,330,-1,297,276,296,-1,296,276,278,-1,296,278,331,-1,331,278,332,-1,331,332,333,-1,330,329,334,-1,334,329,335,-1,334,335,336,-1,330,337,273,-1,273,337,308,-1,273,308,272,-1,272,308,309,-1,272,309,338,-1,338,309,339,-1,338,339,340,-1,340,339,341,-1,340,341,342,-1,342,341,333,-1,342,333,343,-1,343,333,332,-1,344,345,346,-1,346,345,336,-1,346,336,347,-1,347,336,335,-1,348,349,350,-1,351,352,350,-1,350,352,353,-1,350,353,348,-1,354,355,356,-1,351,350,357,-1,357,350,358,-1,357,358,354,-1,354,358,359,-1,354,359,355,-1,360,361,362,-1,362,361,354,-1,362,354,363,-1,363,354,356,-1,364,365,366,-1,366,365,367,-1,366,367,360,-1,360,367,361,-1,361,367,368,-1,361,368,369,-1,369,368,370,-1,369,370,371,-1,371,372,369,-1,369,372,373,-1,369,373,374,-1,375,376,366,-1,366,376,377,-1,366,377,364,-1,368,367,378,-1,378,367,379,-1,380,381,382,-1,382,381,378,-1,382,378,383,-1,383,378,384,-1,384,378,379,-1,384,379,385,-1,385,379,386,-1,385,386,387,-1,388,389,382,-1,382,389,390,-1,382,390,380,-1,387,391,385,-1,385,391,392,-1,385,392,393,-1,394,395,396,-1,397,398,396,-1,396,398,399,-1,396,399,394,-1,400,401,402,-1,397,396,403,-1,403,396,404,-1,403,404,400,-1,400,404,405,-1,400,405,401,-1,383,384,406,-1,406,384,400,-1,406,400,407,-1,407,400,402,-1,369,382,361,-1,361,382,383,-1,361,383,354,-1,354,383,406,-1,362,400,360,-1,360,400,384,-1,360,384,366,-1,366,384,385,-1,408,409,410,-1,410,409,411,-1,410,411,412,-1,412,411,413,-1,412,413,414,-1,414,413,415,-1,414,415,416,-1,416,415,417,-1,416,417,418,-1,418,417,419,-1,418,419,420,-1,420,419,421,-1,420,421,422,-1,422,421,423,-1,422,423,424,-1,424,423,425,-1,
        ]
    }
}
Shape{
    appearance Appearance {
        material  Material 	{
            diffuseColor 1.0 1.0 1.0
            specularColor 0.8784313725490196 0.8784313725490196 0.8784313725490196
            ambientIntensity 1.0
            transparency 0.0
            shininess 0.5
        }
    }
    geometry IndexedFaceSet {
        ccw TRUE
        solid FALSE
        coord DEF co Coordinate {
            point [
                -2.2047 -4.8079 6.1184, -2.2047 -4.8079 6.0003, -2.2047 -4.8384 6.1225, -2.2047 -4.869 6.0084, -2.2047 -4.8669 6.1343, -2.2047 -4.926 6.032, -2.2047 -4.8914 6.153, -2.2047 -4.9749 6.0695, -2.2047 -4.9102 6.1775, -2.2047 -5.0124 6.1184, -2.2047 -4.922 6.206, -2.2047 -5.036 6.1754, -2.2047 -4.926 6.2366, -2.2047 -5.0441 6.2366, -2.2047 -4.926 6.3153, -2.2047 -5.0441 6.3153, -2.126 -5.0441 6.394, -2.126 -4.926 6.394, -2.1464 -4.926 6.3914, -2.1464 -5.0441 6.3914, -2.1653 -4.926 6.3835, -2.1653 -5.0441 6.3835, -2.1817 -4.926 6.371, -2.1817 -5.0441 6.371, -2.1942 -4.926 6.3547, -2.1942 -5.0441 6.3547, -2.202 -4.926 6.3357, -2.202 -5.0441 6.3357
            ]
        }
        coordIndex [
            0,1,2,-1,2,1,3,-1,2,3,4,-1,4,3,5,-1,4,5,6,-1,6,5,7,-1,6,7,8,-1,8,7,9,-1,8,9,10,-1,10,9,11,-1,10,11,12,-1,12,11,13,-1,12,13,14,-1,14,13,15,-1,16,17,18,-1,16,18,19,-1,19,18,20,-1,19,20,21,-1,21,20,22,-1,21,22,23,-1,23,22,24,-1,23,24,25,-1,25,24,26,-1,25,26,27,-1,27,26,14,-1,27,14,15,-1,
        ]
    }
}
Shape{
    appearance Appearance {
        material  Material 	{
            diffuseColor 0.6666666666666666 0.6666666666666666 0.6666666666666666
            specularColor 0.4666666666666667 0.4666666666666667 0.4666666666666667
            ambientIntensity 0.6667
            transparency 0.0
            shininess 0.5
        }
    }
    geometry IndexedFaceSet {
        ccw TRUE
        solid FALSE
        coord DEF co Coordinate {
            point [
                -2.6968 -4.926 0.8232, -2.6968 -4.926 5.7838, -2.6663 -4.922 0.8232, -2.6663 -4.922 5.7838, -2.6378 -4.9102 0.8232, -2.6378 -4.9102 5.7838, -2.6133 -4.8914 0.8232, -2.6133 -4.8914 5.7838, -2.5946 -4.8669 0.8232, -2.5946 -4.8669 5.7838, -2.5828 -4.8384 0.8232, -2.5828 -4.8384 5.7838, -2.5787 -4.8079 0.8232, -2.5787 -4.8079 5.7838, -2.8516 -4.926 0.8815, -2.8543 -4.926 0.9019, -2.7756 -4.926 0.8232, -2.7756 -4.926 5.7838, -2.8465 -4.926 5.7392, -2.8371 -4.926 5.7542, -2.8523 -4.926 5.7226, -2.8247 -4.926 5.7666, -2.8097 -4.926 5.776, -2.796 -4.926 0.8259, -2.815 -4.926 0.8337, -2.8313 -4.926 0.8462, -2.8543 -4.926 5.7051, -2.7931 -4.926 5.7818, -2.8438 -4.926 0.8625, -2.8543 -5.0441 5.7051, -2.8543 -5.0441 0.9019, -2.7756 -5.0441 0.8232, -2.6968 -5.0441 0.8232, -2.7756 -5.0441 5.7838, -2.6968 -5.0441 5.7838, -2.8097 -5.0441 5.776, -2.8247 -5.0441 5.7666, -2.8523 -5.0441 5.7226, -2.8371 -5.0441 5.7542, -2.8465 -5.0441 5.7392, -2.8516 -5.0441 0.8815, -2.7931 -5.0441 5.7818, -2.8438 -5.0441 0.8625, -2.8313 -5.0441 0.8462, -2.796 -5.0441 0.8259, -2.815 -5.0441 0.8337, -2.4606 -4.8079 0.8232, -2.4606 -4.8079 5.7838, -2.4687 -4.869 5.7838, -2.4687 -4.869 0.8232, -2.4923 -4.926 5.7838, -2.4923 -4.926 0.8232, -2.5298 -4.9749 5.7838, -2.5298 -4.9749 0.8232, -2.5787 -5.0124 5.7838, -2.5787 -5.0124 0.8232, -2.6357 -5.036 5.7838, -2.6357 -5.036 0.8232
            ]
        }
        coordIndex [
            0,1,2,-1,2,1,3,-1,2,3,4,-1,4,3,5,-1,4,5,6,-1,6,5,7,-1,6,7,8,-1,8,7,9,-1,8,9,10,-1,10,9,11,-1,10,11,12,-1,12,11,13,-1,14,15,16,-1,16,15,17,-1,16,17,0,-1,0,17,1,-1,18,19,20,-1,20,19,21,-1,20,21,22,-1,23,24,25,-1,15,26,17,-1,17,26,20,-1,17,20,27,-1,27,20,22,-1,23,25,16,-1,16,25,28,-1,16,28,14,-1,26,15,29,-1,29,15,30,-1,31,32,33,-1,33,32,34,-1,35,36,37,-1,37,36,38,-1,37,38,39,-1,31,30,40,-1,30,31,29,-1,29,31,33,-1,29,33,37,-1,37,33,41,-1,37,41,35,-1,40,42,31,-1,31,42,43,-1,31,43,44,-1,44,43,45,-1,46,47,48,-1,46,48,49,-1,49,48,50,-1,49,50,51,-1,51,50,52,-1,51,52,53,-1,53,52,54,-1,53,54,55,-1,55,54,56,-1,55,56,57,-1,57,56,34,-1,57,34,32,-1,
        ]
    }
}
Shape{
    appearance Appearance {
        material  Material 	{
            diffuseColor 1.0 1.0 1.0
            specularColor 0.8784313725490196 0.8784313725490196 0.8784313725490196
            ambientIntensity 1.0
            transparency 0.0
            shininess 0.5
        }
    }
    geometry IndexedFaceSet {
        ccw TRUE
        solid FALSE
        coord DEF co Coordinate {
            point [
                -2.7756 -4.926 5.7838, -2.7756 -5.0441 5.7838, -2.6968 -4.926 5.7838, -2.6968 -5.0441 5.7838, -2.6663 -4.922 5.7838, -2.6357 -5.036 5.7838, -2.6378 -4.9102 5.7838, -2.5787 -5.0124 5.7838, -2.6133 -4.8914 5.7838, -2.5298 -4.9749 5.7838, -2.5946 -4.8669 5.7838, -2.4923 -4.926 5.7838, -2.5828 -4.8384 5.7838, -2.4687 -4.869 5.7838, -2.5787 -4.8079 5.7838, -2.4606 -4.8079 5.7838, -2.7931 -4.926 5.7818, -2.7931 -5.0441 5.7818, -2.8097 -4.926 5.776, -2.8097 -5.0441 5.776, -2.8247 -4.926 5.7666, -2.8247 -5.0441 5.7666, -2.8371 -4.926 5.7542, -2.8371 -5.0441 5.7542, -2.8465 -4.926 5.7392, -2.8465 -5.0441 5.7392, -2.8523 -4.926 5.7226, -2.8523 -5.0441 5.7226, -2.8543 -4.926 5.7051, -2.8543 -5.0441 5.7051, -2.2047 -4.8079 6.0003, -2.2047 -4.8079 6.1184, -2.2074 -4.7875 6.0003, -2.2074 -4.7875 6.1184, -2.2153 -4.7685 6.0003, -2.2153 -4.7685 6.1184, -2.2278 -4.7522 6.0003, -2.2278 -4.7522 6.1184, -2.2441 -4.7397 6.0003, -2.2441 -4.7397 6.1184, -2.2631 -4.7318 6.0003, -2.2631 -4.7318 6.1184, -2.2835 -4.7291 6.0003, -2.2835 -4.7291 6.1184, -2.5787 -4.7875 5.7865, -2.4606 -4.7875 5.7865, -2.5787 -4.7685 5.7943, -2.4606 -4.7685 5.7943, -2.5787 -4.7522 5.8069, -2.4606 -4.7522 5.8069, -2.5787 -4.7397 5.8232, -2.4606 -4.7397 5.8232, -2.5787 -4.7318 5.8422, -2.4606 -4.7318 5.8422, -2.5787 -4.7291 5.8625, -2.4606 -4.7291 5.8625
            ]
        }
        coordIndex [
            0,1,2,-1,2,1,3,-1,2,3,4,-1,4,3,5,-1,4,5,6,-1,6,5,7,-1,6,7,8,-1,8,7,9,-1,8,9,10,-1,10,9,11,-1,10,11,12,-1,12,11,13,-1,12,13,14,-1,14,13,15,-1,1,0,16,-1,1,16,17,-1,17,16,18,-1,17,18,19,-1,19,18,20,-1,19,20,21,-1,21,20,22,-1,21,22,23,-1,23,22,24,-1,23,24,25,-1,25,24,26,-1,25,26,27,-1,27,26,28,-1,27,28,29,-1,30,31,32,-1,32,31,33,-1,32,33,34,-1,34,33,35,-1,34,35,36,-1,36,35,37,-1,36,37,38,-1,38,37,39,-1,38,39,40,-1,40,39,41,-1,40,41,42,-1,42,41,43,-1,14,15,44,-1,44,15,45,-1,44,45,46,-1,46,45,47,-1,46,47,48,-1,48,47,49,-1,48,49,50,-1,50,49,51,-1,50,51,52,-1,52,51,53,-1,52,53,54,-1,54,53,55,-1,
        ]
    }
}
Shape{
    appearance Appearance {
        material  Material 	{
            diffuseColor 0.6666666666666666 0.6666666666666666 0.6666666666666666
            specularColor 0.4666666666666667 0.4666666666666667 0.4666666666666667
            ambientIntensity 0.6667
            transparency 0.0
            shininess 0.5
        }
    }
    geometry IndexedFaceSet {
        ccw TRUE
        solid FALSE
        coord DEF co Coordinate {
            point [
                -2.466 -2.1307 4.4955, -2.5787 -2.1307 4.4955, -2.5787 -2.133 4.4765, -2.4606 -2.1307 4.4955, -2.4606 -2.133 4.4765, -2.4606 -2.1398 4.4587, -2.5787 -2.1398 4.4587, -2.4606 -2.1507 4.443, -2.5787 -2.1507 4.443, -2.4606 -2.165 4.4304, -2.5787 -2.165 4.4304, -2.4606 -2.1819 4.4217, -2.5787 -2.1819 4.4217, -2.4606 -2.2005 4.4172, -2.5787 -2.2005 4.4172, -2.4606 -2.2196 4.4174, -2.5787 -2.2196 4.4174, -2.5787 -3.962 4.6434, -2.4606 -3.962 4.6434, -2.4606 -3.9986 4.6527, -2.5787 -3.9986 4.6527, -2.4606 -4.0319 4.6704, -2.5787 -4.0319 4.6704, -2.4606 -4.06 4.6956, -2.5787 -4.06 4.6956, -2.4606 -4.0814 4.7267, -2.5787 -4.0814 4.7267, -2.4606 -4.0947 4.7621, -2.5787 -4.0947 4.7621, -2.4606 -4.0992 4.7995, -2.5787 -4.0992 4.7995, -2.5787 -4.0992 5.1932, -2.4606 -4.0992 5.1932, -2.4606 -4.0947 5.2307, -2.5787 -4.0947 5.2307, -2.4606 -4.0814 5.2661, -2.5787 -4.0814 5.2661, -2.4606 -4.06 5.2972, -2.5787 -4.06 5.2972, -2.4606 -4.0319 5.3224, -2.5787 -4.0319 5.3224, -2.4606 -3.9986 5.3401, -2.5787 -3.9986 5.3401, -2.4606 -3.962 5.3494, -2.5787 -3.962 5.3494, -2.5787 -2.2196 5.5754, -2.4606 -2.2196 5.5754, -2.466 -2.1307 5.4973, -2.4606 -2.1307 5.4973, -2.4606 -2.133 5.5163, -2.5787 -2.1307 5.4973, -2.5787 -2.133 5.5163, -2.5787 -2.1398 5.5341, -2.4606 -2.1398 5.5341, -2.5787 -2.1507 5.5498, -2.4606 -2.1507 5.5498, -2.5787 -2.165 5.5623, -2.4606 -2.165 5.5623, -2.5787 -2.1819 5.5711, -2.4606 -2.1819 5.5711, -2.5787 -2.2005 5.5756, -2.4606 -2.2005 5.5756, -2.4657 -2.133 4.5142, -2.5784 -2.133 4.5142, -2.4647 -2.1396 4.5319, -2.5773 -2.1396 4.5319, -2.463 -2.1503 4.5474, -2.5757 -2.1503 4.5474, -2.4608 -2.1644 4.56, -2.5735 -2.1644 4.56, -2.4582 -2.181 4.5689, -2.5709 -2.181 4.5689, -2.4554 -2.1993 4.5735, -2.5681 -2.1993 4.5735, -2.5681 -2.1993 5.4192, -2.4554 -2.1993 5.4192, -2.4582 -2.181 5.4239, -2.5709 -2.181 5.4239, -2.4608 -2.1644 5.4328, -2.5735 -2.1644 5.4328, -2.463 -2.1503 5.4454, -2.5757 -2.1503 5.4454, -2.4647 -2.1396 5.4609, -2.5773 -2.1396 5.4609, -2.4657 -2.133 5.4786, -2.5784 -2.133 5.4786, -2.4276 -3.8288 4.9422, -2.5378 -3.7842 4.9365, -2.5359 -3.7794 4.894, -2.4256 -3.824 4.8998, -2.5302 -3.7653 4.854, -2.4199 -3.8099 4.8597, -2.5211 -3.7428 4.8188, -2.4108 -3.7874 4.8245, -2.5091 -3.7131 4.7904, -2.3988 -3.7577 4.7962, -2.4949 -3.678 4.7705, -2.3846 -3.7226 4.7763, -2.4793 -3.6395 4.7603, -2.3691 -3.6841 4.7661, -2.5378 -3.7842 5.0563, -2.4276 -3.8288 5.0506, -2.4256 -3.824 5.093, -2.5359 -3.7794 5.0988, -2.4199 -3.8099 5.1331, -2.5302 -3.7653 5.1388, -2.4108 -3.7874 5.1683, -2.5211 -3.7428 5.174, -2.3988 -3.7577 5.1966, -2.5091 -3.7131 5.2024, -2.3846 -3.7226 5.2165, -2.4949 -3.678 5.2223, -2.3691 -3.6841 5.2267, -2.4793 -3.6395 5.2324, -1.8854 -2.5285 6.1184, -1.7822 -4.497 6.1184, -1.8854 -2.5285 6.0003, -1.7822 -4.497 6.0003, -0.6586 -4.5716 6.0003, -1.7036 -4.5716 6.0003, -0.6586 -4.5716 6.1184, -1.7036 -4.5716 6.1184, -0.4768 -2.5285 6.0003, -0.5799 -4.497 6.0003, -0.4768 -2.5285 6.1184, -0.5799 -4.497 6.1184, -1.7233 -4.5691 6.1184, -1.7233 -4.5691 6.0003, -1.7418 -4.5618 6.1184, -1.7418 -4.5618 6.0003, -1.7578 -4.55 6.1184, -1.7578 -4.55 6.0003, -1.7704 -4.5346 6.1184, -1.7704 -4.5346 6.0003, -1.7787 -4.5166 6.1184, -1.7787 -4.5166 6.0003, -0.5835 -4.5166 6.1184, -0.5835 -4.5166 6.0003, -0.5918 -4.5346 6.1184, -0.5918 -4.5346 6.0003, -0.6044 -4.55 6.1184, -0.6044 -4.55 6.0003, -0.6204 -4.5618 6.1184, -0.6204 -4.5618 6.0003, -0.6389 -4.5691 6.1184, -0.6389 -4.5691 6.0003, -1.8843 -2.5103 6.1184, -1.8843 -2.5103 6.0003, -1.8789 -2.4929 6.1184, -1.8789 -2.4929 6.0003, -1.8698 -2.4772 6.1184, -1.8698 -2.4772 6.0003, -1.8572 -2.464 6.1184, -1.8572 -2.464 6.0003, -1.842 -2.454 6.1184, -1.842 -2.454 6.0003, -1.8249 -2.4478 6.1184, -1.8249 -2.4478 6.0003, -1.8068 -2.4457 6.1184, -1.8068 -2.4457 6.0003, -0.5554 -2.4457 6.1184, -0.5554 -2.4457 6.0003, -0.5373 -2.4478 6.1184, -0.5373 -2.4478 6.0003, -0.5202 -2.454 6.1184, -0.5202 -2.454 6.0003, -0.5049 -2.464 6.1184, -0.5049 -2.464 6.0003, -0.4924 -2.4772 6.1184, -0.4924 -2.4772 6.0003, -0.4832 -2.4929 6.1184, -0.4832 -2.4929 6.0003, -0.4779 -2.5103 6.1184, -0.4779 -2.5103 6.0003, -1.7281 -2.5203 6.0003, -1.7281 -2.5203 6.1184, -1.7317 -2.5007 6.0003, -1.7317 -2.5007 6.1184, -1.74 -2.4827 6.0003, -1.74 -2.4827 6.1184, -1.7526 -2.4673 6.0003, -1.7526 -2.4673 6.1184, -1.7686 -2.4555 6.0003, -1.7686 -2.4555 6.1184, -1.7871 -2.4482 6.0003, -1.7871 -2.4482 6.1184, -0.634 -2.5203 6.1184, -0.634 -2.5203 6.0003, -0.6305 -2.5007 6.1184, -0.6305 -2.5007 6.0003, -0.6222 -2.4827 6.1184, -0.6222 -2.4827 6.0003, -0.6096 -2.4673 6.1184, -0.6096 -2.4673 6.0003, -0.5936 -2.4555 6.1184, -0.5936 -2.4555 6.0003, -0.5751 -2.4482 6.1184, -0.5751 -2.4482 6.0003, -1.6445 -4.1173 6.0557, -1.6423 -4.159 5.9833, -1.6371 -4.1846 5.9981, -1.6393 -4.1428 6.0704, -1.6247 -4.2082 6.0117, -1.6269 -4.1664 6.084, -1.6059 -4.2283 6.0233, -1.6081 -4.1866 6.0957, -1.5818 -4.2437 6.0322, -1.5839 -4.202 6.1046, -1.554 -4.2534 6.0378, -1.5561 -4.2116 6.1101, -1.5242 -4.2567 6.0397, -1.5264 -4.2149 6.112, -0.7199 -4.159 5.9833, -0.7177 -4.1173 6.0557, -0.7229 -4.1428 6.0704, -0.7251 -4.1846 5.9981, -0.7353 -4.1664 6.084, -0.7375 -4.2082 6.0117, -0.7541 -4.1866 6.0957, -0.7563 -4.2283 6.0233, -0.7782 -4.202 6.1046, -0.7804 -4.2437 6.0322, -0.806 -4.2116 6.1101, -0.8082 -4.2534 6.0378, -0.8358 -4.2149 6.112, -0.838 -4.2567 6.0397, -0.687 -3.5317 5.9773, -1.6751 -3.5317 5.9773, -1.6758 -3.5198 5.9871, -0.6864 -3.5198 5.9871, -1.6765 -3.5062 5.9943, -0.6857 -3.5062 5.9943, -1.6773 -3.4914 5.9988, -0.6849 -3.4914 5.9988, -1.6781 -3.476 6.0003, -0.6841 -3.476 6.0003, -0.6974 -3.7285 5.8986, -1.6648 -3.7285 5.8986, -1.6641 -3.7419 5.8879, -0.6981 -3.7419 5.8879, -1.6633 -3.7573 5.8803, -0.6989 -3.7573 5.8803, -1.6624 -3.7739 5.8762, -0.6997 -3.7739 5.8762, -1.6615 -3.7911 5.8758, -0.7006 -3.7911 5.8758, -1.6607 -3.8079 5.8792, -0.7015 -3.8079 5.8792, -1.6598 -3.8236 5.8861, -0.7023 -3.8236 5.8861, -0.7044 -3.8621 5.8119, -1.6578 -3.8621 5.8119, -1.6598 -3.8242 5.7962, -0.7024 -3.8242 5.7962, -1.6619 -3.7834 5.7908, -0.7002 -3.7834 5.7908, -1.6641 -3.7426 5.7962, -0.6981 -3.7426 5.7962, -1.6661 -3.7047 5.8119, -0.6961 -3.7047 5.8119, -1.6678 -3.672 5.8369, -0.6944 -3.672 5.8369, -0.6824 -3.4434 6.1184, -1.6798 -3.4434 6.1184, -1.6782 -3.4741 6.1154, -0.684 -3.4741 6.1154, -1.6766 -3.5037 6.1065, -0.6856 -3.5037 6.1065, -1.6752 -3.5309 6.0919, -0.687 -3.5309 6.0919, -1.6739 -3.5548 6.0723, -0.6883 -3.5548 6.0723, 2.3622 1.885 5.961, -2.3622 1.885 5.961, -2.3622 1.8811 5.996, 2.3622 1.8811 5.996, -2.3622 1.8695 6.0293, 2.3622 1.8695 6.0293, -2.3622 1.8507 6.0592, 2.3622 1.8507 6.0592, -2.3622 1.8258 6.0841, 2.3622 1.8258 6.0841, -2.3622 1.7959 6.1028, 2.3622 1.7959 6.1028, -2.3622 1.7626 6.1145, 2.3622 1.7626 6.1145, -2.3622 1.7276 6.1184, 2.3622 1.7276 6.1184, 2.3622 1.7276 6.0003, -2.3622 1.7276 6.0003, 2.3622 1.7378 5.999, -2.3622 1.7378 5.999, 2.3622 1.7473 5.9951, -2.3622 1.7473 5.9951, 2.3622 1.7554 5.9888, -2.3622 1.7554 5.9888, 2.3622 1.7617 5.9806, -2.3622 1.7617 5.9806, 2.3622 1.7656 5.9712, -2.3622 1.7656 5.9712, 2.3622 1.7669 5.961, -2.3622 1.7669 5.961, 1.8854 -2.5285 0.4885, 1.7823 -4.497 0.4885, 1.8854 -2.5285 0.6066, 1.7823 -4.497 0.6066, 0.6586 -4.5716 0.6066, 1.7036 -4.5716 0.6066, 0.6586 -4.5716 0.4885, 1.7036 -4.5716 0.4885, 0.4768 -2.5285 0.6066, 0.58 -4.497 0.6066, 0.4768 -2.5285 0.4885, 0.58 -4.497 0.4885, 1.7233 -4.5691 0.4885, 1.7233 -4.5691 0.6066, 1.7418 -4.5618 0.4885, 1.7418 -4.5618 0.6066, 1.7578 -4.55 0.4885, 1.7578 -4.55 0.6066, 1.7704 -4.5346 0.4885, 1.7704 -4.5346 0.6066, 1.7787 -4.5166 0.4885, 1.7787 -4.5166 0.6066, 0.5835 -4.5166 0.4885, 0.5835 -4.5166 0.6066, 0.5918 -4.5346 0.4885, 0.5918 -4.5346 0.6066, 0.6044 -4.55 0.4885, 0.6044 -4.55 0.6066, 0.6204 -4.5618 0.4885, 0.6204 -4.5618 0.6066, 0.6389 -4.5691 0.4885, 0.6389 -4.5691 0.6066, 1.8843 -2.5103 0.4885, 1.8843 -2.5103 0.6066, 1.879 -2.4929 0.4885, 1.879 -2.4929 0.6066, 1.8698 -2.4772 0.4885, 1.8698 -2.4772 0.6066, 1.8573 -2.464 0.4885, 1.8573 -2.464 0.6066, 1.842 -2.454 0.4885, 1.842 -2.454 0.6066, 1.8249 -2.4478 0.4885, 1.8249 -2.4478 0.6066, 1.8068 -2.4457 0.4885, 1.8068 -2.4457 0.6066, 0.5554 -2.4457 0.4885, 0.5554 -2.4457 0.6066, 0.5373 -2.4478 0.4885, 0.5373 -2.4478 0.6066, 0.5202 -2.454 0.4885, 0.5202 -2.454 0.6066, 0.505 -2.464 0.4885, 0.505 -2.464 0.6066, 0.4924 -2.4772 0.4885, 0.4924 -2.4772 0.6066, 0.4833 -2.4929 0.4885, 0.4833 -2.4929 0.6066, 0.478 -2.5103 0.4885, 0.478 -2.5103 0.6066, 0.6871 -3.5317 0.6297, 0.6944 -3.672 0.77, 1.6752 -3.5317 0.6297, 1.6678 -3.672 0.77, 0.7804 -4.2437 0.5747, 0.8083 -4.2534 0.5692, 0.7199 -4.159 0.6236, 0.838 -4.2567 0.5673, 0.7044 -3.8621 0.7951, 1.6578 -3.8621 0.7951, 1.5243 -4.2567 0.5673, 1.6423 -4.159 0.6236, 1.554 -4.2534 0.5692, 1.5818 -4.2437 0.5747, 1.6059 -4.2283 0.5836, 1.6247 -4.2082 0.5953, 1.6371 -4.1846 0.6089, 0.7251 -4.1846 0.6089, 0.7375 -4.2082 0.5953, 0.7563 -4.2283 0.5836, 0.6974 -3.7285 0.7084, 0.6883 -3.5548 0.5346, 1.6648 -3.7285 0.7084, 1.674 -3.5548 0.5346, 1.584 -4.202 0.5024, 1.5562 -4.2116 0.4968, 1.6445 -4.1173 0.5513, 1.5264 -4.2149 0.4949, 1.6599 -3.8236 0.7209, 0.7024 -3.8236 0.7209, 0.8358 -4.2149 0.4949, 0.7178 -4.1173 0.5513, 0.8061 -4.2116 0.4968, 0.7783 -4.202 0.5024, 1.6393 -4.1428 0.5366, 1.6269 -4.1664 0.5229, 1.6081 -4.1866 0.5113, 0.7542 -4.1866 0.5113, 0.7353 -4.1664 0.5229, 0.7229 -4.1428 0.5366, 0.6341 -2.5203 0.4885, 0.6824 -3.4434 0.4885, 0.6341 -2.5203 0.6066, 0.6841 -3.476 0.6066, 0.7014 -3.8046 0.7288, 0.7024 -3.8242 0.8108, 0.7003 -3.7842 0.7314, 0.7003 -3.7834 0.8162, 0.6992 -3.7638 0.7288, 0.6981 -3.7426 0.8108, 0.6982 -3.7448 0.7209, 0.6961 -3.7047 0.7951, 0.6862 -3.5154 0.6172, 0.687 -3.5309 0.5151, 0.6852 -3.4964 0.6093, 0.6856 -3.5037 0.5005, 0.684 -3.4741 0.4915, 1.6752 -3.5309 0.5151, 1.677 -3.4964 0.6093, 1.6766 -3.5037 0.5005, 1.6781 -3.476 0.6066, 1.676 -3.5154 0.6172, 1.664 -3.7448 0.7209, 1.6661 -3.7047 0.7951, 1.663 -3.7638 0.7288, 1.6641 -3.7426 0.8108, 1.6619 -3.7842 0.7314, 1.662 -3.7834 0.8162, 1.6609 -3.8046 0.7288, 1.6598 -3.8242 0.8108, 1.7282 -2.5203 0.4885, 1.7282 -2.5203 0.6066, 1.6798 -3.4434 0.4885, 1.6782 -3.4741 0.4915, 1.7317 -2.5007 0.6066, 1.7317 -2.5007 0.4885, 1.74 -2.4827 0.6066, 1.74 -2.4827 0.4885, 1.7526 -2.4673 0.6066, 1.7526 -2.4673 0.4885, 1.7686 -2.4555 0.6066, 1.7686 -2.4555 0.4885, 1.7871 -2.4482 0.6066, 1.7871 -2.4482 0.4885, 0.6305 -2.5007 0.4885, 0.6305 -2.5007 0.6066, 0.6222 -2.4827 0.4885, 0.6222 -2.4827 0.6066, 0.6096 -2.4673 0.4885, 0.6096 -2.4673 0.6066, 0.5936 -2.4555 0.4885, 0.5936 -2.4555 0.6066, 0.5751 -2.4482 0.4885, 0.5751 -2.4482 0.6066, 2.5784 -2.133 1.1284, 2.5788 -2.1307 1.1096, 2.5788 -2.1307 2.1115, 2.5735 -2.1644 1.1742, 2.5757 -2.1503 1.1616, 2.5774 -2.1396 1.146, 2.5681 -2.1993 1.1877, 2.5757 -2.1503 2.0595, 2.5735 -2.1644 2.047, 2.5709 -2.181 1.1831, 2.5784 -2.133 2.0928, 2.5774 -2.1396 2.0751, 2.3819 -3.3986 1.8779, 2.3819 -3.3986 1.3433, 2.5681 -2.1993 2.0334, 2.5709 -2.181 2.0381, 2.5302 -3.7653 1.753, 2.5359 -3.7794 1.713, 2.4793 -3.6395 1.8466, 2.5378 -3.7842 1.6705, 2.5378 -3.7842 1.5506, 2.4793 -3.6395 1.3745, 2.5359 -3.7794 1.5081, 2.5302 -3.7653 1.4681, 2.5211 -3.7428 1.4329, 2.5091 -3.7131 1.4046, 2.4949 -3.678 1.3847, 2.4949 -3.678 1.8364, 2.5091 -3.7131 1.8166, 2.5211 -3.7428 1.7882, 2.4276 -3.8288 1.5564, 2.4276 -3.8288 1.6647, 2.42 -3.8099 1.4739, 2.4257 -3.824 1.5139, 2.3691 -3.6841 1.3803, 2.2649 -3.4264 1.3469, 2.2649 -3.4264 1.8743, 2.3691 -3.6841 1.8408, 2.4257 -3.824 1.7072, 2.42 -3.8099 1.7472, 2.4109 -3.7874 1.7824, 2.3988 -3.7577 1.8108, 2.3847 -3.7226 1.8306, 2.3847 -3.7226 1.3905, 2.3988 -3.7577 1.4103, 2.4109 -3.7874 1.4387, 2.4657 -2.133 2.0928, 2.4661 -2.1307 2.1115, 2.4661 -2.1307 1.1096, 2.4608 -2.1644 2.047, 2.463 -2.1503 2.0595, 2.4647 -2.1396 2.0751, 2.4554 -2.1993 2.0334, 2.463 -2.1503 1.1616, 2.4608 -2.1644 1.1742, 2.4582 -2.181 2.0381, 2.4657 -2.133 1.1284, 2.4647 -2.1396 1.146, 2.4554 -2.1993 1.1877, 2.4582 -2.181 1.1831, 2.6943 -0.9205 -1.4796, 3.1469 -0.836 -0.6283, 3.1469 -1.3781 -0.6283, 2.6503 -1.232 -1.5623, 2.6454 -1.2048 -1.5716, 2.6943 -1.2937 -1.4796, 2.6437 -1.1759 -1.5748, 2.6437 -1.0383 -1.5748, 2.6454 -1.0093 -1.5716, 2.6503 -0.9821 -1.5623, 2.6582 -0.9584 -1.5474, 2.6686 -0.9395 -1.5278, 2.6809 -0.9266 -1.5048, 2.6809 -1.2876 -1.5048, 2.6686 -1.2747 -1.5278, 2.6582 -1.2558 -1.5474, 2.5394 -1.0328 -1.5194, 2.5394 -1.1814 -1.5194, 2.546 -0.9766 -1.5069, 2.5411 -1.0038 -1.5162, 2.59 -0.915 -1.4242, 3.0426 -0.8305 -0.5729, 3.0426 -1.3836 -0.5729, 2.59 -1.2992 -1.4242, 2.5411 -1.2103 -1.5162, 2.546 -1.2375 -1.5069, 2.5539 -1.2613 -1.492, 2.5644 -1.2802 -1.4724, 2.5766 -1.2931 -1.4493, 2.5766 -0.9211 -1.4493, 2.5644 -0.934 -1.4724, 2.5539 -0.9529 -1.492, 3.0309 -1.3926 -0.4825, 3.0309 -0.8216 -0.4825, 3.0422 -0.8231 -0.4982, 3.0422 -1.391 -0.4982, 3.0494 -0.8249 -0.5163, 3.0494 -1.3892 -0.5163, 3.0518 -0.8268 -0.5355, 3.0518 -1.3873 -0.5355, 3.0496 -0.8287 -0.5548, 3.0496 -1.3854 -0.5548, 2.513 -0.766 0.0776, 2.513 -1.4482 0.0776, 2.4606 -1.4614 0.2113, 2.4606 -0.7527 0.2113, 2.4667 -0.7576 0.1628, 2.4667 -1.4566 0.1628, 2.4845 -0.7621 0.1173, 2.4845 -1.4521 0.1173, 2.5997 -1.4561 0.1578, 2.5997 -0.7581 0.1578, 2.5883 -0.7565 0.1737, 2.5883 -1.4577 0.1737, 2.5812 -0.7547 0.1919, 2.5812 -1.4595 0.1919, 2.5788 -0.7527 0.2113, 2.5788 -1.4614 0.2113, 3.1176 -1.4006 -0.4023, 3.1176 -0.8136 -0.4023, 3.1642 -0.8315 -0.583, 3.1642 -1.3826 -0.583, 3.17 -0.8268 -0.5349, 3.17 -1.3874 -0.5349, 3.1637 -0.822 -0.4868, 3.1637 -1.3922 -0.4868, 3.1459 -0.8175 -0.4417, 3.1459 -1.3966 -0.4417, 2.5788 -0.7527 0.4098, 2.4606 -0.7527 0.4098, 2.5788 -1.4614 0.646, 2.4606 -1.4614 0.646, 2.5788 -4.7291 0.7444, 2.4606 -4.7291 0.7444, 2.5788 -4.7291 0.6854, 2.4606 -4.7291 0.6854, 2.5738 -4.7291 0.6416, 2.458 -4.7291 0.665, 2.5593 -4.7291 0.6, 2.4501 -4.7291 0.646, 2.5358 -4.7291 0.5626, 2.4376 -4.7291 0.6297, 2.2835 -4.7291 0.6066, 2.2835 -4.7291 0.4885, 2.3819 -4.7291 0.6066, 2.3819 -4.7291 0.4885, 2.4023 -4.7291 0.6093, 2.4257 -4.7291 0.4935, 2.4213 -4.7291 0.6172, 2.4673 -4.7291 0.508, 2.5046 -4.7291 0.5315, 2.3819 -1.6189 0.4885, 2.2074 -4.7875 0.4885, -1.8068 -2.4457 0.4885, -1.8249 -2.4478 0.4885, -2.3819 -1.6189 0.4885, -1.842 -2.454 0.4885, -1.8789 -2.4929 0.4885, -1.8843 -2.5103 0.4885, -2.2153 -4.7685 0.4885, -1.7822 -4.497 0.4885, -2.2074 -4.7875 0.4885, -1.7787 -4.5166 0.4885, -2.2047 -4.8079 0.4885, -1.7704 -4.5346 0.4885, -1.7578 -4.55 0.4885, -1.7418 -4.5618 0.4885, -1.7233 -4.5691 0.4885, -1.8572 -2.464 0.4885, -1.8698 -2.4772 0.4885, -2.3819 -4.7291 0.4885, -2.2835 -4.7291 0.4885, -2.2631 -4.7318 0.4885, -1.8854 -2.5285 0.4885, -2.2441 -4.7397 0.4885, -2.2278 -4.7522 0.4885, -0.6204 -4.5618 0.4885, -0.6044 -4.55 0.4885, 2.2047 -4.8079 0.4885, -1.74 -2.4827 0.4885, -0.6222 -2.4827 0.4885, -0.6305 -2.5007 0.4885, -0.5554 -2.4457 0.4885, -0.5751 -2.4482 0.4885, -1.7036 -4.5716 0.4885, -0.6586 -4.5716 0.4885, -0.6389 -4.5691 0.4885, -0.5936 -2.4555 0.4885, -0.6096 -2.4673 0.4885, -0.5918 -4.5346 0.4885, -1.7526 -2.4673 0.4885, -1.7686 -2.4555 0.4885, -1.7871 -2.4482 0.4885, 2.2153 -4.7685 0.4885, 2.2278 -4.7522 0.4885, 2.2441 -4.7397 0.4885, 2.2631 -4.7318 0.4885, -0.6824 -3.4434 0.4885, -1.6798 -3.4434 0.4885, -0.634 -2.5203 0.4885, -1.7281 -2.5203 0.4885, -1.7317 -2.5007 0.4885, -0.5049 -2.464 0.4885, -0.5373 -2.4478 0.4885, -0.5202 -2.454 0.4885, -0.4779 -2.5103 0.4885, -0.4832 -2.4929 0.4885, -0.4924 -2.4772 0.4885, -0.4768 -2.5285 0.4885, -0.5799 -4.497 0.4885, -0.5835 -4.5166 0.4885, -2.2074 -4.7875 0.6066, -2.2047 -4.8079 0.6066, -0.6586 -4.5716 0.6066, 2.2047 -4.8079 0.6066, 2.3819 -1.6189 0.6066, 2.2074 -4.7875 0.6066, -1.8068 -2.4457 0.6066, -1.7871 -2.4482 0.6066, -2.3819 -1.6189 0.6066, -1.7036 -4.5716 0.6066, -1.7233 -4.5691 0.6066, -1.7418 -4.5618 0.6066, -1.8249 -2.4478 0.6066, 2.2631 -4.7318 0.6066, 2.2441 -4.7397 0.6066, 2.2278 -4.7522 0.6066, 2.2153 -4.7685 0.6066, -0.5918 -4.5346 0.6066, -0.6044 -4.55 0.6066, -1.7686 -2.4555 0.6066, -0.6096 -2.4673 0.6066, -1.7526 -2.4673 0.6066, -1.74 -2.4827 0.6066, -1.7317 -2.5007 0.6066, -0.6204 -4.5618 0.6066, -0.6389 -4.5691 0.6066, -0.5936 -2.4555 0.6066, -0.5751 -2.4482 0.6066, -1.8854 -2.5285 0.6066, -1.8843 -2.5103 0.6066, -1.8789 -2.4929 0.6066, -1.8698 -2.4772 0.6066, -1.8572 -2.464 0.6066, -1.842 -2.454 0.6066, -1.7281 -2.5203 0.6066, -1.6781 -3.476 0.6066, -0.6841 -3.476 0.6066, -1.7578 -4.55 0.6066, -1.7704 -4.5346 0.6066, -2.2153 -4.7685 0.6066, -1.7787 -4.5166 0.6066, -2.2278 -4.7522 0.6066, -1.7822 -4.497 0.6066, -2.2441 -4.7397 0.6066, -2.2631 -4.7318 0.6066, -2.2835 -4.7291 0.6066, -2.3819 -4.7291 0.6066, -0.634 -2.5203 0.6066, -0.6305 -2.5007 0.6066, -0.6222 -2.4827 0.6066, -0.4924 -2.4772 0.6066, -0.4832 -2.4929 0.6066, -0.4779 -2.5103 0.6066, -0.5554 -2.4457 0.6066, -0.5373 -2.4478 0.6066, -0.5202 -2.454 0.6066, -0.5049 -2.464 0.6066, -0.4768 -2.5285 0.6066, -0.5799 -4.497 0.6066, -0.5835 -4.5166 0.6066, 2.4023 -1.6189 0.6093, 2.4213 -1.6189 0.6172, 2.4376 -1.6189 0.6297, 2.4501 -1.6189 0.646, 2.4606 -1.6083 0.6854, 2.4601 -1.6129 0.6761, 2.4582 -1.6161 0.6664, 2.458 -1.6166 0.665, 2.4547 -1.6183 0.6553, 2.5785 -1.6129 0.6761, 2.5788 -1.6083 0.6854, 2.5778 -1.6162 0.6664, 2.5738 -1.6189 0.6416, 2.5748 -1.6189 0.646, 2.5766 -1.6182 0.6563, 2.5593 -1.6189 0.6, 2.5358 -1.6189 0.5626, 2.5046 -1.6189 0.5315, 2.4673 -1.6189 0.508, 2.4257 -1.6189 0.4935, -2.2047 -4.926 0.2917, -2.2047 -4.926 0.3704, 2.2047 -4.926 0.2917, 2.2047 -4.926 0.3704, -2.126 -4.926 0.2129, -2.1464 -4.926 0.2156, 2.126 -4.926 0.2129, 2.2021 -4.926 0.2713, -2.1942 -4.926 0.2523, -2.202 -4.926 0.2713, -2.1817 -4.926 0.236, -2.1653 -4.926 0.2235, 2.1942 -4.926 0.2523, 2.1817 -4.926 0.236, 2.1464 -4.926 0.2156, 2.1654 -4.926 0.2235, 2.2047 -4.923 0.3967, -2.2047 -4.923 0.3967, 2.2047 -4.9143 0.4217, -2.2047 -4.9143 0.4217, 2.2047 -4.9002 0.4441, -2.2047 -4.9002 0.4441, 2.2047 -4.8815 0.4628, -2.2047 -4.8815 0.4628, 2.2047 -4.8591 0.4768, -2.2047 -4.8591 0.4768, 2.2047 -4.8341 0.4856, -2.2047 -4.8341 0.4856, -2.2047 -4.869 0.5986, 2.2047 -4.869 0.5986, -2.2047 -4.926 0.575, 2.2047 -4.926 0.575, -2.2047 -4.9749 0.5374, 2.2047 -4.9749 0.5374, -2.2047 -5.0124 0.4885, 2.2047 -5.0124 0.4885, -2.2047 -5.036 0.4316, 2.2047 -5.036 0.4316, -2.2047 -5.0441 0.3704, 2.2047 -5.0441 0.3704, 2.2047 -5.0441 0.2917, -2.2047 -5.0441 0.2917, -2.202 -5.0441 0.2713, -2.1942 -5.0441 0.2523, -2.1817 -5.0441 0.236, 2.126 -5.0441 0.2129, -2.126 -5.0441 0.2129, -2.1464 -5.0441 0.2156, -2.1653 -5.0441 0.2235, 2.1654 -5.0441 0.2235, 2.1817 -5.0441 0.236, 2.1464 -5.0441 0.2156, 2.1942 -5.0441 0.2523, 2.2021 -5.0441 0.2713, 2.7756 -4.926 0.8232, 2.7756 -5.0441 0.8232, 2.6969 -4.926 0.8232, 2.6969 -5.0441 0.8232, 2.6663 -4.922 0.8232, 2.6357 -5.036 0.8232, 2.6378 -4.9102 0.8232, 2.5788 -5.0124 0.8232, 2.6133 -4.8914 0.8232, 2.5298 -4.9749 0.8232, 2.5946 -4.8669 0.8232, 2.4923 -4.926 0.8232, 2.5828 -4.8384 0.8232, 2.4687 -4.869 0.8232, 2.5788 -4.8079 0.8232, 2.4606 -4.8079 0.8232, 2.8543 -4.926 0.9019, 2.8543 -5.0441 0.9019, 2.8517 -5.0441 0.8815, 2.8517 -4.926 0.8815, 2.8438 -5.0441 0.8625, 2.8438 -4.926 0.8625, 2.8313 -5.0441 0.8462, 2.8313 -4.926 0.8462, 2.815 -5.0441 0.8337, 2.815 -4.926 0.8337, 2.796 -5.0441 0.8259, 2.796 -4.926 0.8259, 2.4606 -4.7318 0.7648, 2.5788 -4.7318 0.7648, 2.4606 -4.7397 0.7838, 2.5788 -4.7397 0.7838, 2.4606 -4.7522 0.8001, 2.5788 -4.7522 0.8001, 2.4606 -4.7685 0.8126, 2.5788 -4.7685 0.8126, 2.4606 -4.7875 0.8205, 2.5788 -4.7875 0.8205, -2.5738 -1.6189 0.6416, -2.5748 -1.6189 0.646, -2.4501 -1.6189 0.646, -2.4376 -1.6189 0.6297, -2.5358 -1.6189 0.5626, -2.5592 -1.6189 0.6, -2.4023 -1.6189 0.6093, -2.4257 -1.6189 0.4935, -2.4212 -1.6189 0.6172, -2.4673 -1.6189 0.508, -2.5046 -1.6189 0.5315, 2.5788 1.6882 0.7247, 2.5788 1.4913 0.7247, 2.4606 1.6882 0.7247, 2.4606 1.4913 0.7247, 2.4606 -1.5402 0.7247, 2.5788 -1.5402 0.7247, 2.4606 -1.5605 0.7221, 2.5788 -1.5605 0.7221, 2.4606 -1.5795 0.7142, 2.5788 -1.5795 0.7142, 2.4606 -1.5958 0.7017, 2.5788 -1.5958 0.7017, 2.4606 -1.4641 0.6664, 2.5788 -1.4641 0.6664, 2.4606 -1.472 0.6854, 2.5788 -1.472 0.6854, 2.4606 -1.4845 0.7017, 2.5788 -1.4845 0.7017, 2.4606 -1.5008 0.7142, 2.5788 -1.5008 0.7142, 2.4606 -1.5198 0.7221, 2.5788 -1.5198 0.7221, 2.4606 -2.1307 1.1096, 2.4606 -2.133 1.0907, 2.5788 -2.133 1.0907, 2.5788 -2.1398 1.0729, 2.4606 -2.1398 1.0729, 2.5788 -2.1507 1.0572, 2.4606 -2.1507 1.0572, 2.5788 -2.165 1.0446, 2.4606 -2.165 1.0446, 2.5788 -2.1819 1.0358, 2.4606 -2.1819 1.0358, 2.5788 -2.2005 1.0314, 2.4606 -2.2005 1.0314, 2.5788 -2.2196 1.0315, 2.4606 -2.2196 1.0315, 2.5788 -3.962 1.2575, 2.4606 -3.962 1.2575, 2.4606 -4.0992 1.4137, 2.5788 -4.0992 1.4137, 2.4606 -4.0947 1.3762, 2.5788 -4.0947 1.3762, 2.4606 -4.0814 1.3409, 2.5788 -4.0814 1.3409, 2.4606 -4.06 1.3098, 2.5788 -4.06 1.3098, 2.4606 -4.0319 1.2846, 2.5788 -4.0319 1.2846, 2.4606 -3.9986 1.2669, 2.5788 -3.9986 1.2669, 2.5788 -4.0992 1.8074, 2.4606 -4.0992 1.8074, 2.4606 -3.962 1.9636, 2.5788 -3.962 1.9636, 2.4606 -3.9986 1.9543, 2.5788 -3.9986 1.9543, 2.4606 -4.0319 1.9365, 2.5788 -4.0319 1.9365, 2.4606 -4.06 1.9114, 2.5788 -4.06 1.9114, 2.4606 -4.0814 1.8802, 2.5788 -4.0814 1.8802, 2.4606 -4.0947 1.8449, 2.5788 -4.0947 1.8449, 2.5788 -2.2196 2.1896, 2.4606 -2.2196 2.1896, 2.5788 -2.133 2.1304, 2.4606 -2.1307 2.1115, 2.4606 -2.133 2.1304, 2.4606 -2.1398 2.1483, 2.5788 -2.1398 2.1483, 2.4606 -2.1507 2.1639, 2.5788 -2.1507 2.1639, 2.4606 -2.165 2.1765, 2.5788 -2.165 2.1765, 2.4606 -2.1819 2.1853, 2.5788 -2.1819 2.1853, 2.4606 -2.2005 2.1897, 2.5788 -2.2005 2.1897, -0.6944 -3.672 0.77, -0.687 -3.5317 0.6297, -1.6678 -3.672 0.77, -1.6751 -3.5317 0.6297, -1.5818 -4.2437 0.5747, -1.554 -4.2534 0.5692, -1.6423 -4.159 0.6236, -1.5242 -4.2567 0.5673, -1.6578 -3.8621 0.7951, -0.7044 -3.8621 0.7951, -0.838 -4.2567 0.5673, -0.7199 -4.159 0.6236, -0.8082 -4.2534 0.5692, -0.7804 -4.2437 0.5747, -1.6371 -4.1846 0.6089, -1.6247 -4.2082 0.5953, -1.6059 -4.2283 0.5836, -0.7563 -4.2283 0.5836, -0.7375 -4.2082 0.5953, -0.7251 -4.1846 0.6089, -0.6883 -3.5548 0.5346, -0.6974 -3.7285 0.7084, -1.6739 -3.5548 0.5346, -1.6648 -3.7285 0.7084, -0.7782 -4.202 0.5024, -0.806 -4.2116 0.4968, -0.7177 -4.1173 0.5513, -0.8358 -4.2149 0.4949, -0.7023 -3.8236 0.7209, -1.6598 -3.8236 0.7209, -1.5264 -4.2149 0.4949, -1.6445 -4.1173 0.5513, -1.5561 -4.2116 0.4968, -1.5839 -4.202 0.5024, -1.6081 -4.1866 0.5113, -1.6269 -4.1664 0.5229, -1.6393 -4.1428 0.5366, -0.7229 -4.1428 0.5366, -0.7353 -4.1664 0.5229, -0.7541 -4.1866 0.5113, -0.6852 -3.4964 0.6093, -0.6865 -3.5222 0.5096, -0.6862 -3.5154 0.6172, -0.6982 -3.7448 0.7209, -0.6961 -3.7047 0.7951, -0.6992 -3.7638 0.7288, -0.6981 -3.7426 0.8108, -0.7003 -3.7842 0.7314, -0.7002 -3.7834 0.8162, -0.7013 -3.8046 0.7288, -0.7024 -3.8242 0.8108, -0.6846 -3.4842 0.4939, -1.676 -3.5154 0.6172, -1.6756 -3.5222 0.5096, -1.677 -3.4964 0.6093, -1.6776 -3.4842 0.4939, -1.6608 -3.8046 0.7288, -1.6598 -3.8242 0.8108, -1.6619 -3.7842 0.7314, -1.6619 -3.7834 0.8162, -1.663 -3.7638 0.7288, -1.6641 -3.7426 0.8108, -1.664 -3.7448 0.7209, -1.6661 -3.7047 0.7951, -2.5784 -2.133 2.0928, -2.5787 -2.1307 2.1115, -2.5787 -2.1307 1.1096, -2.5735 -2.1644 2.047, -2.5757 -2.1503 2.0595, -2.5773 -2.1396 2.0751, -2.5681 -2.1993 2.0334, -2.5757 -2.1503 1.1616, -2.5735 -2.1644 1.1742, -2.5709 -2.181 2.0381, -2.5784 -2.133 1.1284, -2.5773 -2.1396 1.146, -2.3819 -3.3986 1.3433, -2.3819 -3.3986 1.8779, -2.5681 -2.1993 1.1877, -2.5709 -2.181 1.1831, -2.5302 -3.7653 1.4681, -2.5359 -3.7794 1.5081, -2.4793 -3.6395 1.3745, -2.5378 -3.7842 1.5506, -2.5378 -3.7842 1.6705, -2.4793 -3.6395 1.8466, -2.5359 -3.7794 1.713, -2.5302 -3.7653 1.753, -2.4949 -3.678 1.3847, -2.5091 -3.7131 1.4046, -2.5211 -3.7428 1.4329, -2.5211 -3.7428 1.7882, -2.5091 -3.7131 1.8166, -2.4949 -3.678 1.8364, -2.4276 -3.8288 1.6647, -2.4276 -3.8288 1.5564, -2.4199 -3.8099 1.7472, -2.4256 -3.824 1.7072, -2.3691 -3.6841 1.8408, -2.2649 -3.4264 1.8743, -2.2649 -3.4264 1.3469, -2.3691 -3.6841 1.3803, -2.4256 -3.824 1.5139, -2.4199 -3.8099 1.4739, -2.3846 -3.7226 1.8306, -2.3988 -3.7577 1.8108, -2.4108 -3.7874 1.7824, -2.4108 -3.7874 1.4387, -2.3988 -3.7577 1.4103, -2.3846 -3.7226 1.3905, -2.4657 -2.133 1.1284, -2.466 -2.1307 1.1096, -2.466 -2.1307 2.1115, -2.4608 -2.1644 1.1742, -2.463 -2.1503 1.1616, -2.4647 -2.1396 1.146, -2.4554 -2.1993 1.1877, -2.463 -2.1503 2.0595, -2.4608 -2.1644 2.047, -2.4582 -2.181 1.1831, -2.4657 -2.133 2.0928, -2.4647 -2.1396 2.0751, -2.4554 -2.1993 2.0334, -2.4582 -2.181 2.0381, -2.6503 -0.9821 -1.5623, -2.6453 -1.0093 -1.5716, -2.6943 -0.9205 -1.4796, -2.6436 -1.0383 -1.5748, -3.1469 -0.836 -0.6283, -3.1469 -1.3781 -0.6283, -2.6436 -1.1759 -1.5748, -2.6943 -1.2937 -1.4796, -2.6453 -1.2048 -1.5716, -2.6503 -1.232 -1.5623, -2.6809 -0.9266 -1.5048, -2.6686 -0.9395 -1.5278, -2.6582 -0.9584 -1.5474, -2.6582 -1.2558 -1.5474, -2.6686 -1.2747 -1.5278, -2.6809 -1.2876 -1.5048, -2.5394 -1.0328 -1.5194, -2.5394 -1.1814 -1.5194, -2.546 -1.2375 -1.5069, -2.541 -1.2103 -1.5162, -2.59 -1.2992 -1.4242, -3.0426 -1.3836 -0.5729, -3.0426 -0.8305 -0.5729, -2.59 -0.915 -1.4242, -2.541 -1.0038 -1.5162, -2.546 -0.9766 -1.5069, -2.5766 -1.2931 -1.4493, -2.5643 -1.2802 -1.4724, -2.5539 -1.2613 -1.492, -2.5539 -0.9529 -1.492, -2.5643 -0.934 -1.4724, -2.5766 -0.9211 -1.4493, -3.0309 -0.8216 -0.4825, -3.0309 -1.3926 -0.4825, -3.0422 -1.391 -0.4982, -3.0422 -0.8231 -0.4982, -3.0493 -1.3892 -0.5163, -3.0493 -0.8249 -0.5163, -3.0518 -1.3873 -0.5355, -3.0518 -0.8268 -0.5355, -3.0495 -1.3854 -0.5548, -3.0495 -0.8287 -0.5548, -2.5129 -0.766 0.0776, -2.5129 -1.4482 0.0776, -2.4606 -0.7527 0.2113, -2.4606 -1.4614 0.2113, -2.4667 -1.4566 0.1628, -2.4667 -0.7576 0.1628, -2.4845 -1.4521 0.1173, -2.4845 -0.7621 0.1173, -2.5997 -0.7581 0.1578, -2.5997 -1.4561 0.1578, -2.5883 -1.4577 0.1737, -2.5883 -0.7565 0.1737, -2.5812 -1.4595 0.1919, -2.5812 -0.7547 0.1919, -2.5787 -1.4614 0.2113, -2.5787 -0.7527 0.2113, -3.1176 -1.4006 -0.4023, -3.1176 -0.8136 -0.4023, -3.1642 -1.3826 -0.583, -3.1642 -0.8315 -0.583, -3.1699 -1.3874 -0.5349, -3.1699 -0.8268 -0.5349, -3.1637 -1.3922 -0.4868, -3.1637 -0.822 -0.4868, -3.1459 -1.3966 -0.4417, -3.1459 -0.8175 -0.4417, -2.4606 -0.7527 0.4098, -2.5787 -0.7527 0.4098, -2.4606 -1.4614 0.646, -2.5787 -1.4614 0.646, -2.4606 -4.7291 0.7444, -2.5787 -4.7291 0.7444, -2.4606 -4.7291 0.6854, -2.5787 -4.7291 0.6854, -2.4579 -4.7291 0.665, -2.5738 -4.7291 0.6416, -2.4501 -4.7291 0.646, -2.5592 -4.7291 0.6, -2.5358 -4.7291 0.5626, -2.4376 -4.7291 0.6297, -2.5046 -4.7291 0.5315, -2.4212 -4.7291 0.6172, -2.4673 -4.7291 0.508, -2.4023 -4.7291 0.6093, -2.4257 -4.7291 0.4935, -2.4601 -1.6129 0.6761, -2.4606 -1.6083 0.6854, -2.4582 -1.6161 0.6664, -2.4579 -1.6166 0.665, -2.4547 -1.6183 0.6553, -2.5787 -1.6083 0.6854, -2.5785 -1.6129 0.6761, -2.5778 -1.6162 0.6664, -2.5766 -1.6182 0.6563, -2.5787 -4.8079 0.8232, -2.4606 -4.8079 0.8232, -2.5828 -4.8384 0.8232, -2.4687 -4.869 0.8232, -2.5946 -4.8669 0.8232, -2.4923 -4.926 0.8232, -2.6133 -4.8914 0.8232, -2.5298 -4.9749 0.8232, -2.6378 -4.9102 0.8232, -2.5787 -5.0124 0.8232, -2.6663 -4.922 0.8232, -2.6357 -5.036 0.8232, -2.6968 -4.926 0.8232, -2.6968 -5.0441 0.8232, -2.7756 -4.926 0.8232, -2.7756 -5.0441 0.8232, -2.796 -5.0441 0.8259, -2.796 -4.926 0.8259, -2.815 -5.0441 0.8337, -2.815 -4.926 0.8337, -2.8313 -5.0441 0.8462, -2.8313 -4.926 0.8462, -2.8438 -5.0441 0.8625, -2.8438 -4.926 0.8625, -2.8516 -5.0441 0.8815, -2.8516 -4.926 0.8815, -2.8543 -5.0441 0.9019, -2.8543 -4.926 0.9019, -2.4606 -4.7875 0.8205, -2.5787 -4.7875 0.8205, -2.4606 -4.7685 0.8126, -2.5787 -4.7685 0.8126, -2.4606 -4.7522 0.8001, -2.5787 -4.7522 0.8001, -2.4606 -4.7397 0.7838, -2.5787 -4.7397 0.7838, -2.4606 -4.7318 0.7648, -2.5787 -4.7318 0.7648, -2.5787 -1.5402 0.7247, -2.4606 -1.5402 0.7247, -2.5787 -1.5605 0.7221, -2.4606 -1.5605 0.7221, -2.5787 -1.5795 0.7142, -2.4606 -1.5795 0.7142, -2.5787 -1.5958 0.7017, -2.4606 -1.5958 0.7017, -2.4606 -1.5198 0.7221, -2.5787 -1.5198 0.7221, -2.4606 -1.5008 0.7142, -2.5787 -1.5008 0.7142, -2.4606 -1.4845 0.7017, -2.5787 -1.4845 0.7017, -2.4606 -1.472 0.6854, -2.5787 -1.472 0.6854, -2.4606 -1.4641 0.6664, -2.5787 -1.4641 0.6664, -2.5787 -2.133 1.0907, -2.4606 -2.1307 1.1096, -2.4606 -2.133 1.0907, -2.4606 -2.1398 1.0729, -2.5787 -2.1398 1.0729, -2.4606 -2.1507 1.0572, -2.5787 -2.1507 1.0572, -2.4606 -2.165 1.0446, -2.5787 -2.165 1.0446, -2.4606 -2.1819 1.0358, -2.5787 -2.1819 1.0358, -2.4606 -2.2005 1.0314, -2.5787 -2.2005 1.0314, -2.4606 -2.2196 1.0315, -2.5787 -2.2196 1.0315, -2.5787 -3.962 1.2575, -2.4606 -3.962 1.2575, -2.4606 -3.9986 1.2669, -2.5787 -3.9986 1.2669, -2.4606 -4.0319 1.2846, -2.5787 -4.0319 1.2846, -2.4606 -4.06 1.3098, -2.5787 -4.06 1.3098, -2.4606 -4.0814 1.3409, -2.5787 -4.0814 1.3409, -2.4606 -4.0947 1.3762, -2.5787 -4.0947 1.3762, -2.4606 -4.0992 1.4137, -2.5787 -4.0992 1.4137, -2.5787 -4.0992 1.8074, -2.4606 -4.0992 1.8074, -2.4606 -4.0947 1.8449, -2.5787 -4.0947 1.8449, -2.4606 -4.0814 1.8802, -2.5787 -4.0814 1.8802, -2.4606 -4.06 1.9114, -2.5787 -4.06 1.9114, -2.4606 -4.0319 1.9365, -2.5787 -4.0319 1.9365, -2.4606 -3.9986 1.9543, -2.5787 -3.9986 1.9543, -2.4606 -3.962 1.9636, -2.5787 -3.962 1.9636, -2.5787 -2.2196 2.1896, -2.4606 -2.2196 2.1896, -2.4606 -2.1307 2.1115, -2.4606 -2.133 2.1304, -2.5787 -2.133 2.1304, -2.5787 -2.1398 2.1483, -2.4606 -2.1398 2.1483, -2.5787 -2.1507 2.1639, -2.4606 -2.1507 2.1639, -2.5787 -2.165 2.1765, -2.4606 -2.165 2.1765, -2.5787 -2.1819 2.1853, -2.4606 -2.1819 2.1853, -2.5787 -2.2005 2.1897, -2.4606 -2.2005 2.1897, 2.3819 -4.611 2.6145, 2.4606 -4.611 2.6145, 2.4606 -4.6416 2.6185, -2.4606 -4.6416 2.6185, -2.4606 -4.611 2.6145, -2.3819 -4.611 2.6145, 2.4606 -4.6701 2.6303, -2.4606 -4.6701 2.6303, 2.4606 -4.6945 2.6491, -2.4606 -4.6945 2.6491, 2.4606 -4.7133 2.6736, -2.4606 -4.7133 2.6736, 2.4606 -4.7251 2.702, -2.4606 -4.7251 2.702, 2.4606 -4.7291 2.7326, -2.4606 -4.7291 2.7326, -2.3819 -4.611 3.9925, -2.4606 -4.611 3.9925, -2.4606 -4.6416 3.9884, -2.4606 -4.7291 3.8743, 2.4606 -4.7291 3.8743, 2.4606 -4.7251 3.9049, 2.4606 -4.6416 3.9884, 2.4606 -4.611 3.9925, 2.3819 -4.611 3.9925, -2.4606 -4.7251 3.9049, 2.4606 -4.7133 3.9334, -2.4606 -4.7133 3.9334, 2.4606 -4.6945 3.9579, -2.4606 -4.6945 3.9579, 2.4606 -4.6701 3.9766, -2.4606 -4.6701 3.9766, 2.59 0.9449 -1.4242, 2.6943 0.9504 -1.4796, 3.0426 0.8605 -0.5729, 3.1469 0.866 -0.6283, 3.0496 0.8587 -0.5548, 3.1642 0.8615 -0.583, 3.0518 0.8568 -0.5355, 3.17 0.8567 -0.5349, 3.0494 0.8548 -0.5163, 3.1637 0.8519 -0.4868, 3.0422 0.8531 -0.4982, 3.1459 0.8474 -0.4417, 3.0309 0.8515 -0.4825, 3.1176 0.8435 -0.4023, 2.513 0.7959 0.0776, 2.5997 0.788 0.1578, 2.4845 0.792 0.1173, 2.5883 0.7864 0.1737, 2.4667 0.7875 0.1628, 2.5812 0.7846 0.1919, 2.4606 0.7827 0.2113, 2.5788 0.7827 0.2113, 2.4606 1.4913 0.2113, 2.5788 1.4913 0.2113, 2.4667 1.4865 0.1628, 2.5812 1.4894 0.1919, 2.4845 1.482 0.1173, 2.5883 1.4876 0.1737, 2.513 1.4781 0.0776, 2.5997 1.486 0.1578, 3.0309 1.4225 -0.4825, 3.1176 1.4305 -0.4023, 3.0422 1.421 -0.4982, 3.1459 1.4266 -0.4417, 3.0494 1.4192 -0.5163, 3.1637 1.4221 -0.4868, 3.0518 1.4173 -0.5355, 3.17 1.4173 -0.5349, 3.0496 1.4154 -0.5548, 3.1642 1.4126 -0.583, 3.0426 1.4136 -0.5729, 3.1469 1.4081 -0.6283, 2.59 1.3291 -1.4242, 2.6943 1.3236 -1.4796, 2.6437 1.2058 -1.5748, 2.5394 1.2113 -1.5194, 2.5411 1.2403 -1.5162, 2.6454 1.2348 -1.5716, 2.546 1.2675 -1.5069, 2.6503 1.262 -1.5623, 2.5539 1.2912 -1.492, 2.6582 1.2857 -1.5474, 2.5644 1.3101 -1.4724, 2.6686 1.3046 -1.5278, 2.5766 1.323 -1.4493, 2.6809 1.3175 -1.5048, 2.5394 1.0627 -1.5194, 2.6437 1.0682 -1.5748, 2.6454 1.0393 -1.5716, 2.5411 1.0338 -1.5162, 2.6503 1.0121 -1.5623, 2.546 1.0066 -1.5069, 2.6582 0.9883 -1.5474, 2.5539 0.9828 -1.492, 2.6686 0.9694 -1.5278, 2.5644 0.9639 -1.4724, 2.6809 0.9565 -1.5048, 2.5766 0.951 -1.4493, -2.6503 1.262 -1.5623, -2.6453 1.2348 -1.5716, -2.6943 1.3236 -1.4796, -2.6436 1.2058 -1.5748, -3.1469 1.4081 -0.6283, -3.1469 0.866 -0.6283, -2.6436 1.0682 -1.5748, -2.6943 0.9504 -1.4796, -2.6453 1.0393 -1.5716, -2.6503 1.0121 -1.5623, -2.6809 1.3175 -1.5048, -2.6686 1.3046 -1.5278, -2.6582 1.2857 -1.5474, -2.6582 0.9883 -1.5474, -2.6686 0.9694 -1.5278, -2.6809 0.9565 -1.5048, -3.1642 0.8615 -0.583, -3.1642 1.4126 -0.583, -3.1699 0.8567 -0.5349, -3.1699 1.4173 -0.5349, -3.1637 0.8519 -0.4868, -3.1637 1.4221 -0.4868, -3.1459 0.8474 -0.4417, -3.1459 1.4266 -0.4417, -3.1176 0.8435 -0.4023, -3.1176 1.4305 -0.4023, -2.5997 1.486 0.1578, -2.5997 0.788 0.1578, -2.5883 0.7864 0.1737, -2.5883 1.4876 0.1737, -2.5812 0.7846 0.1919, -2.5812 1.4894 0.1919, -2.5787 0.7827 0.2113, -2.5787 1.4913 0.2113, -2.4606 1.4913 0.2113, -2.4606 0.7827 0.2113, -2.4667 0.7875 0.1628, -2.4667 1.4865 0.1628, -2.4845 0.792 0.1173, -2.4845 1.482 0.1173, -2.5129 0.7959 0.0776, -2.5129 1.4781 0.0776, -3.0309 0.8515 -0.4825, -3.0309 1.4225 -0.4825, -3.0422 0.8531 -0.4982, -3.0422 1.421 -0.4982, -3.0493 0.8548 -0.5163, -3.0493 1.4192 -0.5163, -3.0518 0.8568 -0.5355, -3.0518 1.4173 -0.5355, -3.0495 0.8587 -0.5548, -3.0495 1.4154 -0.5548, -3.0426 0.8605 -0.5729, -3.0426 1.4136 -0.5729, -2.546 1.0066 -1.5069, -2.541 1.0338 -1.5162, -2.59 0.9449 -1.4242, -2.5394 1.0627 -1.5194, -2.5394 1.2113 -1.5194, -2.59 1.3291 -1.4242, -2.541 1.2403 -1.5162, -2.546 1.2675 -1.5069, -2.5539 1.2912 -1.492, -2.5643 1.3101 -1.4724, -2.5766 1.323 -1.4493, -2.5766 0.951 -1.4493, -2.5643 0.9639 -1.4724, -2.5539 0.9828 -1.492, -2.5787 1.4913 0.7247, -2.4606 1.4913 0.7247, -2.5787 0.7827 0.4098, -2.4606 0.7827 0.4098, 2.7165 1.7276 3.835, 2.7165 1.7276 0.5279, 2.7112 1.7683 0.5279, 2.7112 1.7683 3.835, 2.6954 1.8063 0.5279, 2.6954 1.8063 3.835, 2.6704 1.8389 0.5279, 2.6704 1.8389 3.835, 2.6378 1.8639 0.5279, 2.6378 1.8639 3.835, 2.5998 1.8797 0.5279, 2.5998 1.8797 3.835, 2.5591 1.885 0.5279, 2.5591 1.885 3.835, 2.5591 1.7669 3.835, 2.5591 1.7669 0.5279, 2.5693 1.7656 3.835, 2.5693 1.7656 0.5279, 2.5788 1.7617 3.835, 2.5788 1.7617 0.5279, 2.5869 1.7554 3.835, 2.5869 1.7554 0.5279, 2.5932 1.7473 3.835, 2.5932 1.7473 0.5279, 2.5971 1.7378 3.835, 2.5971 1.7378 0.5279, 2.5984 1.7276 3.835, 2.5984 1.7276 0.5279, 2.5984 0.9402 3.835, 2.5984 0.8614 3.7562, 2.5984 0.8614 0.6066, 2.5984 0.9402 0.5279, 2.5984 0.9198 0.5306, 2.5984 0.872 3.7956, 2.5984 0.8845 3.8119, 2.5984 0.8641 3.7766, 2.5984 0.9008 3.8244, 2.5984 0.9198 3.8323, 2.5984 0.9008 0.5384, 2.5984 0.8845 0.551, 2.5984 0.872 0.5673, 2.5984 0.8641 0.5863, 2.7165 0.8614 3.7562, 2.7165 0.8614 0.6066, 2.7165 0.9402 0.5279, 2.7165 0.9402 3.835, 2.7165 0.8845 0.551, 2.7165 0.9008 0.5384, 2.7165 0.9198 0.5306, 2.7165 0.9198 3.8323, 2.7165 0.9008 3.8244, 2.7165 0.8641 3.7766, 2.7165 0.8845 3.8119, 2.7165 0.872 3.7956, 2.7165 0.872 0.5673, 2.7165 0.8641 0.5863, 2.3622 1.7669 3.835, 2.3622 1.885 3.835, -2.5984 0.9402 0.5279, -2.7165 0.9402 0.5279, -2.5984 1.7276 0.5279, -2.7165 1.7276 0.5279, -2.5971 1.7378 0.5279, -2.7112 1.7683 0.5279, -2.5931 1.7473 0.5279, -2.6954 1.8063 0.5279, -2.5869 1.7554 0.5279, -2.6704 1.8389 0.5279, -2.5787 1.7617 0.5279, -2.6378 1.8639 0.5279, -2.5692 1.7656 0.5279, -2.5998 1.8797 0.5279, -2.559 1.7669 0.5279, -2.559 1.885 0.5279, -2.559 1.885 3.835, -2.5998 1.8797 3.835, -2.6378 1.8639 3.835, -2.6704 1.8389 3.835, -2.6954 1.8063 3.835, -2.7112 1.7683 3.835, -2.7165 1.7276 3.835, -2.7165 0.9402 3.835, -2.7165 0.8614 3.7562, -2.7165 0.8614 0.6066, -2.7165 0.8641 0.5863, -2.7165 0.872 0.5673, -2.7165 0.9198 0.5306, -2.7165 0.9008 0.5384, -2.7165 0.8845 0.551, -2.7165 0.872 3.7956, -2.7165 0.8845 3.8119, -2.7165 0.8641 3.7766, -2.7165 0.9008 3.8244, -2.7165 0.9198 3.8323, -2.5984 0.8614 0.6066, -2.5984 0.8614 3.7562, -2.5984 1.7276 3.835, -2.5984 0.9402 3.835, -2.5984 0.8641 0.5863, -2.5984 0.872 0.5673, -2.5984 0.8845 0.551, -2.5984 0.9008 0.5384, -2.5984 0.9198 0.5306, -2.5984 0.9198 3.8323, -2.5984 0.9008 3.8244, -2.5984 0.8641 3.7766, -2.5984 0.8845 3.8119, -2.5984 0.872 3.7956, -2.5971 1.7378 3.835, -2.5931 1.7473 3.835, -2.5869 1.7554 3.835, -2.5787 1.7617 3.835, -2.5692 1.7656 3.835, -2.559 1.7669 3.835, -2.3622 1.7669 3.835, -2.3622 1.885 3.835, 2.4606 -0.674 0.4885, 2.4606 0.7039 0.4885, 2.5788 -0.674 0.4885, 2.5788 0.7039 0.4885, -2.5787 -0.674 0.4885, -2.5787 0.7039 0.4885, -2.4606 -0.674 0.4885, -2.4606 0.7039 0.4885, -2.4606 -0.7501 0.4302, -2.5787 -0.7501 0.4302, -2.4606 -0.7422 0.4492, -2.5787 -0.7422 0.4492, -2.4606 -0.7297 0.4655, -2.5787 -0.7297 0.4655, -2.4606 -0.7134 0.478, -2.5787 -0.7134 0.478, -2.4606 -0.6944 0.4858, -2.5787 -0.6944 0.4858, -2.4606 0.7243 0.4858, -2.5787 0.7243 0.4858, -2.4606 0.7433 0.478, -2.5787 0.7433 0.478, -2.4606 0.7596 0.4655, -2.5787 0.7596 0.4655, -2.4606 0.7721 0.4492, -2.5787 0.7721 0.4492, -2.4606 0.78 0.4302, -2.5787 0.78 0.4302, 2.4606 -0.6944 0.4858, 2.5788 -0.6944 0.4858, 2.4606 -0.7134 0.478, 2.5788 -0.7134 0.478, 2.4606 -0.7297 0.4655, 2.5788 -0.7297 0.4655, 2.4606 -0.7422 0.4492, 2.5788 -0.7422 0.4492, 2.4606 -0.7501 0.4302, 2.5788 -0.7501 0.4302, 2.4606 0.7827 0.4098, 2.5788 0.7827 0.4098, 2.4606 0.78 0.4302, 2.5788 0.78 0.4302, 2.4606 0.7721 0.4492, 2.5788 0.7721 0.4492, 2.4606 0.7596 0.4655, 2.5788 0.7596 0.4655, 2.4606 0.7433 0.478, 2.5788 0.7433 0.478, 2.4606 0.7243 0.4858, 2.5788 0.7243 0.4858
            ]
        }
        coordIndex [
            0,1,2,-1,3,0,4,-1,4,0,2,-1,4,2,5,-1,5,2,6,-1,5,6,7,-1,7,6,8,-1,7,8,9,-1,9,8,10,-1,9,10,11,-1,11,10,12,-1,11,12,13,-1,13,12,14,-1,13,14,15,-1,15,14,16,-1,16,17,15,-1,15,17,18,-1,18,17,19,-1,19,17,20,-1,19,20,21,-1,21,20,22,-1,21,22,23,-1,23,22,24,-1,23,24,25,-1,25,24,26,-1,25,26,27,-1,27,26,28,-1,27,28,29,-1,29,28,30,-1,30,31,29,-1,29,31,32,-1,32,31,33,-1,33,31,34,-1,33,34,35,-1,35,34,36,-1,35,36,37,-1,37,36,38,-1,37,38,39,-1,39,38,40,-1,39,40,41,-1,41,40,42,-1,41,42,43,-1,43,42,44,-1,44,45,43,-1,43,45,46,-1,47,48,49,-1,50,47,51,-1,51,47,49,-1,51,49,52,-1,52,49,53,-1,52,53,54,-1,54,53,55,-1,54,55,56,-1,56,55,57,-1,56,57,58,-1,58,57,59,-1,58,59,60,-1,60,59,61,-1,60,61,45,-1,45,61,46,-1,48,47,3,-1,3,47,0,-1,1,0,62,-1,1,62,63,-1,63,62,64,-1,63,64,65,-1,65,64,66,-1,65,66,67,-1,67,66,68,-1,67,68,69,-1,69,68,70,-1,69,70,71,-1,71,70,72,-1,71,72,73,-1,74,75,76,-1,74,76,77,-1,77,76,78,-1,77,78,79,-1,79,78,80,-1,79,80,81,-1,81,80,82,-1,81,82,83,-1,83,82,84,-1,83,84,85,-1,85,84,47,-1,85,47,50,-1,86,87,88,-1,86,88,89,-1,89,88,90,-1,89,90,91,-1,91,90,92,-1,91,92,93,-1,93,92,94,-1,93,94,95,-1,95,94,96,-1,95,96,97,-1,97,96,98,-1,97,98,99,-1,100,101,102,-1,100,102,103,-1,103,102,104,-1,103,104,105,-1,105,104,106,-1,105,106,107,-1,107,106,108,-1,107,108,109,-1,109,108,110,-1,109,110,111,-1,111,110,112,-1,111,112,113,-1,114,115,116,-1,116,115,117,-1,118,119,120,-1,120,119,121,-1,122,123,124,-1,124,123,125,-1,121,119,126,-1,126,119,127,-1,126,127,128,-1,128,127,129,-1,128,129,130,-1,130,129,131,-1,130,131,132,-1,132,131,133,-1,132,133,134,-1,134,133,135,-1,134,135,115,-1,115,135,117,-1,125,123,136,-1,136,123,137,-1,136,137,138,-1,138,137,139,-1,138,139,140,-1,140,139,141,-1,140,141,142,-1,142,141,143,-1,142,143,144,-1,144,143,145,-1,144,145,120,-1,120,145,118,-1,114,116,146,-1,146,116,147,-1,146,147,148,-1,148,147,149,-1,148,149,150,-1,150,149,151,-1,150,151,152,-1,152,151,153,-1,152,153,154,-1,154,153,155,-1,154,155,156,-1,156,155,157,-1,156,157,158,-1,158,157,159,-1,160,161,162,-1,162,161,163,-1,162,163,164,-1,164,163,165,-1,164,165,166,-1,166,165,167,-1,166,167,168,-1,168,167,169,-1,168,169,170,-1,170,169,171,-1,170,171,172,-1,172,171,173,-1,172,173,124,-1,124,173,122,-1,174,175,176,-1,176,175,177,-1,176,177,178,-1,178,177,179,-1,178,179,180,-1,180,179,181,-1,180,181,182,-1,182,181,183,-1,182,183,184,-1,184,183,185,-1,184,185,159,-1,159,185,158,-1,186,187,188,-1,188,187,189,-1,188,189,190,-1,190,189,191,-1,190,191,192,-1,192,191,193,-1,192,193,194,-1,194,193,195,-1,194,195,196,-1,196,195,197,-1,196,197,160,-1,160,197,161,-1,198,199,200,-1,198,200,201,-1,201,200,202,-1,201,202,203,-1,203,202,204,-1,203,204,205,-1,205,204,206,-1,205,206,207,-1,207,206,208,-1,207,208,209,-1,209,208,210,-1,209,210,211,-1,212,213,214,-1,212,214,215,-1,215,214,216,-1,215,216,217,-1,217,216,218,-1,217,218,219,-1,219,218,220,-1,219,220,221,-1,221,220,222,-1,221,222,223,-1,223,222,224,-1,223,224,225,-1,226,227,228,-1,226,228,229,-1,229,228,230,-1,229,230,231,-1,231,230,232,-1,231,232,233,-1,233,232,234,-1,233,234,235,-1,236,237,238,-1,236,238,239,-1,239,238,240,-1,239,240,241,-1,241,240,242,-1,241,242,243,-1,243,242,244,-1,243,244,245,-1,245,244,246,-1,245,246,247,-1,247,246,248,-1,247,248,249,-1,250,251,252,-1,250,252,253,-1,253,252,254,-1,253,254,255,-1,255,254,256,-1,255,256,257,-1,257,256,258,-1,257,258,259,-1,259,258,260,-1,259,260,261,-1,262,263,264,-1,262,264,265,-1,265,264,266,-1,265,266,267,-1,267,266,268,-1,267,268,269,-1,269,268,270,-1,269,270,271,-1,272,273,274,-1,272,274,275,-1,275,274,276,-1,275,276,277,-1,277,276,278,-1,277,278,279,-1,279,278,280,-1,279,280,281,-1,281,280,282,-1,281,282,283,-1,283,282,284,-1,283,284,285,-1,285,284,286,-1,285,286,287,-1,288,289,290,-1,290,289,291,-1,290,291,292,-1,292,291,293,-1,292,293,294,-1,294,293,295,-1,294,295,296,-1,296,295,297,-1,296,297,298,-1,298,297,299,-1,298,299,300,-1,300,299,301,-1,302,303,304,-1,304,303,305,-1,306,307,308,-1,308,307,309,-1,310,311,312,-1,312,311,313,-1,309,307,314,-1,314,307,315,-1,314,315,316,-1,316,315,317,-1,316,317,318,-1,318,317,319,-1,318,319,320,-1,320,319,321,-1,320,321,322,-1,322,321,323,-1,322,323,303,-1,303,323,305,-1,313,311,324,-1,324,311,325,-1,324,325,326,-1,326,325,327,-1,326,327,328,-1,328,327,329,-1,328,329,330,-1,330,329,331,-1,330,331,332,-1,332,331,333,-1,332,333,308,-1,308,333,306,-1,302,304,334,-1,334,304,335,-1,334,335,336,-1,336,335,337,-1,336,337,338,-1,338,337,339,-1,338,339,340,-1,340,339,341,-1,340,341,342,-1,342,341,343,-1,342,343,344,-1,344,343,345,-1,344,345,346,-1,346,345,347,-1,348,349,350,-1,350,349,351,-1,350,351,352,-1,352,351,353,-1,352,353,354,-1,354,353,355,-1,354,355,356,-1,356,355,357,-1,356,357,358,-1,358,357,359,-1,358,359,360,-1,360,359,361,-1,360,361,312,-1,312,361,310,-1,362,363,364,-1,364,363,365,-1,366,367,368,-1,368,367,369,-1,368,369,370,-1,370,369,371,-1,371,369,372,-1,371,372,373,-1,373,372,374,-1,373,374,375,-1,375,376,373,-1,373,376,377,-1,373,377,378,-1,379,380,368,-1,368,380,381,-1,368,381,366,-1,382,383,384,-1,384,383,385,-1,386,387,388,-1,388,387,389,-1,388,389,390,-1,390,389,391,-1,391,389,392,-1,391,392,393,-1,393,392,394,-1,393,394,395,-1,396,397,388,-1,388,397,398,-1,388,398,386,-1,395,399,393,-1,393,399,400,-1,393,400,401,-1,392,389,369,-1,369,389,372,-1,402,403,404,-1,404,403,405,-1,393,368,391,-1,391,368,370,-1,391,370,406,-1,406,370,407,-1,406,407,408,-1,408,407,409,-1,408,409,410,-1,410,409,411,-1,410,411,412,-1,412,411,413,-1,412,413,382,-1,382,413,363,-1,382,363,383,-1,363,362,383,-1,383,362,414,-1,383,414,415,-1,415,414,416,-1,415,416,417,-1,417,416,405,-1,417,405,418,-1,418,405,403,-1,385,419,420,-1,420,419,421,-1,420,421,422,-1,420,423,385,-1,385,423,364,-1,385,364,384,-1,384,364,365,-1,384,365,424,-1,424,365,425,-1,424,425,426,-1,426,425,427,-1,426,427,428,-1,428,427,429,-1,428,429,430,-1,430,429,431,-1,430,431,390,-1,390,431,371,-1,390,371,388,-1,388,371,373,-1,432,433,434,-1,434,433,422,-1,434,422,435,-1,435,422,421,-1,433,432,436,-1,436,432,437,-1,436,437,438,-1,438,437,439,-1,438,439,440,-1,440,439,441,-1,440,441,442,-1,442,441,443,-1,442,443,444,-1,444,443,445,-1,444,445,347,-1,347,445,346,-1,402,404,446,-1,446,404,447,-1,446,447,448,-1,448,447,449,-1,448,449,450,-1,450,449,451,-1,450,451,452,-1,452,451,453,-1,452,453,454,-1,454,453,455,-1,454,455,348,-1,348,455,349,-1,388,373,378,-1,388,378,396,-1,396,378,377,-1,396,377,397,-1,397,377,376,-1,397,376,398,-1,398,376,375,-1,398,375,386,-1,386,375,374,-1,386,374,387,-1,387,374,372,-1,387,372,389,-1,368,393,401,-1,368,401,379,-1,379,401,400,-1,379,400,380,-1,380,400,399,-1,380,399,381,-1,381,399,395,-1,381,395,366,-1,366,395,394,-1,366,394,367,-1,367,394,392,-1,367,392,369,-1,362,364,423,-1,362,423,414,-1,414,423,420,-1,414,420,416,-1,416,420,422,-1,416,422,405,-1,382,384,424,-1,382,424,412,-1,412,424,426,-1,412,426,410,-1,410,426,428,-1,410,428,408,-1,408,428,430,-1,408,430,406,-1,406,430,390,-1,406,390,391,-1,370,371,431,-1,370,431,407,-1,407,431,429,-1,407,429,409,-1,409,429,427,-1,409,427,411,-1,411,427,425,-1,411,425,413,-1,413,425,365,-1,413,365,363,-1,403,434,435,-1,403,435,418,-1,418,435,421,-1,418,421,417,-1,417,421,419,-1,417,419,415,-1,415,419,385,-1,415,385,383,-1,456,457,458,-1,459,460,458,-1,458,460,461,-1,458,461,456,-1,462,463,464,-1,459,458,465,-1,465,458,466,-1,465,466,462,-1,462,466,467,-1,462,467,463,-1,468,469,470,-1,470,469,462,-1,470,462,471,-1,471,462,464,-1,472,473,474,-1,474,473,475,-1,474,475,468,-1,468,475,469,-1,469,475,476,-1,469,476,477,-1,477,476,478,-1,477,478,479,-1,479,480,477,-1,477,480,481,-1,477,481,482,-1,483,484,474,-1,474,484,485,-1,474,485,472,-1,476,475,486,-1,486,475,487,-1,488,489,490,-1,490,489,486,-1,490,486,491,-1,491,486,492,-1,492,486,487,-1,492,487,493,-1,493,487,494,-1,493,494,495,-1,495,496,493,-1,493,496,497,-1,493,497,498,-1,499,500,490,-1,490,500,501,-1,490,501,488,-1,502,503,504,-1,505,506,504,-1,504,506,507,-1,504,507,502,-1,508,509,510,-1,505,504,511,-1,511,504,512,-1,511,512,508,-1,508,512,513,-1,508,513,509,-1,491,492,514,-1,514,492,508,-1,514,508,515,-1,515,508,510,-1,470,508,468,-1,468,508,492,-1,468,492,474,-1,474,492,493,-1,477,490,469,-1,469,490,491,-1,469,491,462,-1,462,491,514,-1,516,517,518,-1,519,520,521,-1,521,520,522,-1,521,522,518,-1,518,522,523,-1,518,523,516,-1,516,523,524,-1,516,524,525,-1,525,526,516,-1,516,526,527,-1,516,527,528,-1,529,530,521,-1,521,530,531,-1,521,531,519,-1,523,522,532,-1,532,522,533,-1,534,535,536,-1,536,535,532,-1,536,532,537,-1,537,532,538,-1,538,532,533,-1,538,533,539,-1,539,533,540,-1,539,540,541,-1,541,542,539,-1,539,542,543,-1,539,543,544,-1,545,546,536,-1,536,546,547,-1,536,547,534,-1,548,549,550,-1,548,550,551,-1,551,550,552,-1,551,552,553,-1,553,552,554,-1,553,554,555,-1,555,554,556,-1,555,556,557,-1,557,556,537,-1,557,537,538,-1,549,548,558,-1,558,548,559,-1,560,561,562,-1,560,562,563,-1,563,562,564,-1,563,564,565,-1,565,564,558,-1,565,558,559,-1,566,567,568,-1,566,568,569,-1,569,568,570,-1,569,570,571,-1,571,570,572,-1,571,572,573,-1,566,574,567,-1,567,574,575,-1,518,517,576,-1,518,576,577,-1,577,576,578,-1,577,578,579,-1,579,578,580,-1,579,580,581,-1,581,580,582,-1,581,582,583,-1,583,582,575,-1,583,575,574,-1,584,572,585,-1,585,572,561,-1,586,587,573,-1,573,587,560,-1,588,589,590,-1,590,589,591,-1,590,591,592,-1,592,591,593,-1,592,593,594,-1,594,593,595,-1,594,595,596,-1,596,595,597,-1,598,599,600,-1,600,599,601,-1,600,601,602,-1,602,601,603,-1,602,603,604,-1,604,603,605,-1,604,605,597,-1,597,605,606,-1,597,606,596,-1,441,439,446,-1,346,445,607,-1,446,448,607,-1,607,448,450,-1,607,450,452,-1,432,434,403,-1,314,316,608,-1,609,610,611,-1,611,610,612,-1,611,613,614,-1,607,445,446,-1,446,445,443,-1,446,443,441,-1,439,437,446,-1,446,437,432,-1,446,432,402,-1,402,432,403,-1,615,616,617,-1,617,616,618,-1,617,618,619,-1,619,618,620,-1,620,621,619,-1,619,621,622,-1,619,622,623,-1,612,624,611,-1,611,624,625,-1,611,625,613,-1,626,611,627,-1,627,611,614,-1,627,614,628,-1,628,614,629,-1,628,629,630,-1,630,629,616,-1,630,616,631,-1,631,616,615,-1,302,334,607,-1,314,608,309,-1,632,633,634,-1,635,636,637,-1,334,336,607,-1,607,336,338,-1,607,338,340,-1,340,342,607,-1,607,342,344,-1,607,344,346,-1,638,639,611,-1,623,640,619,-1,619,640,641,-1,619,641,634,-1,634,641,642,-1,634,642,632,-1,639,643,611,-1,611,643,644,-1,611,644,636,-1,328,330,645,-1,645,330,332,-1,635,646,636,-1,636,646,647,-1,636,647,611,-1,611,647,648,-1,611,648,609,-1,316,318,608,-1,608,318,320,-1,608,320,649,-1,649,320,322,-1,649,322,650,-1,650,322,303,-1,650,303,651,-1,651,303,302,-1,651,302,652,-1,652,302,607,-1,652,607,599,-1,599,607,601,-1,633,645,634,-1,634,645,332,-1,634,332,608,-1,608,332,308,-1,608,308,309,-1,352,354,611,-1,653,654,655,-1,655,654,656,-1,655,656,637,-1,637,656,657,-1,637,657,635,-1,358,360,658,-1,452,454,607,-1,607,454,348,-1,607,348,611,-1,611,348,350,-1,611,350,352,-1,638,611,659,-1,659,611,354,-1,659,354,660,-1,660,354,658,-1,658,354,356,-1,658,356,358,-1,661,662,360,-1,360,662,663,-1,360,663,658,-1,661,360,664,-1,664,360,312,-1,664,312,665,-1,665,312,313,-1,665,313,666,-1,666,313,324,-1,666,324,645,-1,645,324,326,-1,645,326,328,-1,667,668,669,-1,669,668,670,-1,598,600,671,-1,319,317,672,-1,673,674,675,-1,438,440,447,-1,669,676,667,-1,667,676,677,-1,667,677,678,-1,673,675,679,-1,680,335,681,-1,681,335,304,-1,681,304,682,-1,682,304,305,-1,682,305,683,-1,683,305,323,-1,683,323,672,-1,672,323,321,-1,672,321,319,-1,670,684,685,-1,440,442,447,-1,447,442,671,-1,447,671,449,-1,449,671,451,-1,442,444,671,-1,671,444,347,-1,671,347,345,-1,674,686,687,-1,686,688,687,-1,687,688,689,-1,687,689,690,-1,685,691,670,-1,670,691,692,-1,670,692,669,-1,674,687,675,-1,675,687,693,-1,675,693,694,-1,405,422,404,-1,404,422,433,-1,404,433,447,-1,447,433,436,-1,447,436,438,-1,345,343,671,-1,671,343,341,-1,671,341,339,-1,695,696,675,-1,675,696,697,-1,675,697,698,-1,698,699,675,-1,675,699,700,-1,675,700,679,-1,701,702,703,-1,680,598,335,-1,335,598,671,-1,335,671,337,-1,337,671,339,-1,678,704,667,-1,667,704,705,-1,667,705,706,-1,706,705,707,-1,706,707,708,-1,708,707,709,-1,708,709,710,-1,710,709,695,-1,710,695,711,-1,711,695,675,-1,711,675,712,-1,712,675,713,-1,703,714,701,-1,701,714,715,-1,701,715,690,-1,690,715,716,-1,690,716,687,-1,331,329,684,-1,684,329,327,-1,684,327,325,-1,317,315,672,-1,672,315,307,-1,672,307,670,-1,670,307,306,-1,670,306,684,-1,684,306,333,-1,684,333,331,-1,349,455,671,-1,671,455,453,-1,671,453,451,-1,349,671,351,-1,351,671,675,-1,351,675,353,-1,717,718,359,-1,359,718,719,-1,359,719,361,-1,694,720,675,-1,675,720,721,-1,675,721,353,-1,353,721,722,-1,353,722,355,-1,355,722,357,-1,357,722,359,-1,359,722,723,-1,359,723,717,-1,361,719,310,-1,310,719,724,-1,310,724,311,-1,311,724,725,-1,311,725,325,-1,325,725,726,-1,325,726,684,-1,671,600,727,-1,727,600,602,-1,727,602,728,-1,728,602,604,-1,728,604,729,-1,729,604,597,-1,729,597,730,-1,730,597,595,-1,591,731,593,-1,593,731,732,-1,732,733,593,-1,593,733,734,-1,593,734,595,-1,595,734,735,-1,595,735,730,-1,736,737,590,-1,736,590,738,-1,739,740,590,-1,590,740,741,-1,590,741,738,-1,590,592,739,-1,739,592,594,-1,739,594,742,-1,742,594,596,-1,742,596,743,-1,743,596,606,-1,743,606,744,-1,744,606,605,-1,744,605,745,-1,745,605,603,-1,745,603,746,-1,746,603,601,-1,746,601,607,-1,747,748,749,-1,749,748,750,-1,747,751,752,-1,751,747,753,-1,753,747,749,-1,753,749,754,-1,755,756,757,-1,757,756,747,-1,757,747,758,-1,758,747,752,-1,754,759,753,-1,753,759,760,-1,753,760,761,-1,761,760,762,-1,750,748,763,-1,763,748,764,-1,763,764,765,-1,765,764,766,-1,765,766,767,-1,767,766,768,-1,767,768,769,-1,769,768,770,-1,769,770,771,-1,771,770,772,-1,771,772,773,-1,773,772,774,-1,773,774,634,-1,634,774,619,-1,670,668,775,-1,670,775,776,-1,776,775,777,-1,776,777,778,-1,778,777,779,-1,778,779,780,-1,780,779,781,-1,780,781,782,-1,782,781,783,-1,782,783,784,-1,784,783,785,-1,784,785,786,-1,786,785,787,-1,787,785,788,-1,789,790,791,-1,792,787,793,-1,793,787,788,-1,793,788,794,-1,789,791,788,-1,788,791,795,-1,788,795,794,-1,796,797,798,-1,798,797,799,-1,798,799,792,-1,792,799,800,-1,792,800,787,-1,751,753,793,-1,793,753,792,-1,634,670,773,-1,773,670,776,-1,773,776,771,-1,771,776,778,-1,771,778,769,-1,769,778,780,-1,787,749,786,-1,786,749,750,-1,786,750,784,-1,784,750,763,-1,784,763,782,-1,782,763,765,-1,782,765,780,-1,780,765,767,-1,780,767,769,-1,749,787,800,-1,749,800,754,-1,754,800,799,-1,754,799,759,-1,759,799,797,-1,759,797,760,-1,760,797,796,-1,760,796,762,-1,762,796,798,-1,762,798,761,-1,761,798,792,-1,761,792,753,-1,801,802,803,-1,803,802,804,-1,803,804,805,-1,805,804,806,-1,805,806,807,-1,807,806,808,-1,807,808,809,-1,809,808,810,-1,809,810,811,-1,811,810,812,-1,811,812,813,-1,813,812,814,-1,813,814,815,-1,815,814,816,-1,817,818,819,-1,817,819,820,-1,820,819,821,-1,820,821,822,-1,822,821,823,-1,822,823,824,-1,824,823,825,-1,824,825,826,-1,826,825,827,-1,826,827,828,-1,828,827,802,-1,828,802,801,-1,670,634,672,-1,672,634,608,-1,672,608,683,-1,683,608,649,-1,683,649,682,-1,682,649,650,-1,682,650,681,-1,681,650,651,-1,681,651,680,-1,680,651,652,-1,680,652,598,-1,598,652,599,-1,589,588,829,-1,829,588,830,-1,829,830,831,-1,831,830,832,-1,831,832,833,-1,833,832,834,-1,833,834,835,-1,835,834,836,-1,835,836,837,-1,837,836,838,-1,837,838,816,-1,816,838,815,-1,839,840,841,-1,730,740,739,-1,842,843,841,-1,841,843,844,-1,841,844,839,-1,739,742,730,-1,730,742,743,-1,730,743,729,-1,729,743,744,-1,729,744,728,-1,728,744,745,-1,728,745,727,-1,727,745,746,-1,727,746,671,-1,671,746,607,-1,671,607,675,-1,675,607,611,-1,675,611,845,-1,845,611,846,-1,845,846,847,-1,847,846,848,-1,847,848,842,-1,842,848,849,-1,842,849,843,-1,850,851,852,-1,852,851,853,-1,854,855,856,-1,856,855,857,-1,856,857,858,-1,858,857,859,-1,858,859,860,-1,860,859,861,-1,860,861,731,-1,730,735,740,-1,740,735,734,-1,740,734,741,-1,741,734,733,-1,741,733,738,-1,738,733,732,-1,738,732,736,-1,736,732,731,-1,736,731,737,-1,737,731,861,-1,587,586,862,-1,862,586,863,-1,862,863,864,-1,864,863,865,-1,864,865,866,-1,866,865,867,-1,866,867,868,-1,868,867,869,-1,868,869,870,-1,870,869,871,-1,870,871,854,-1,854,871,855,-1,539,521,538,-1,538,521,518,-1,538,518,557,-1,557,518,577,-1,557,577,555,-1,555,577,579,-1,555,579,553,-1,553,579,581,-1,553,581,551,-1,551,581,583,-1,551,583,548,-1,548,583,574,-1,548,574,559,-1,559,574,566,-1,559,566,565,-1,565,566,569,-1,565,569,563,-1,563,569,571,-1,563,571,560,-1,560,571,573,-1,561,572,562,-1,562,572,570,-1,562,570,564,-1,564,570,568,-1,564,568,558,-1,558,568,567,-1,558,567,549,-1,549,567,575,-1,549,575,550,-1,550,575,582,-1,550,582,552,-1,552,582,580,-1,552,580,554,-1,554,580,578,-1,554,578,556,-1,556,578,576,-1,556,576,537,-1,537,576,517,-1,537,517,536,-1,536,517,516,-1,523,532,535,-1,523,535,524,-1,524,535,534,-1,524,534,525,-1,525,534,547,-1,525,547,526,-1,526,547,546,-1,526,546,527,-1,527,546,545,-1,527,545,528,-1,528,545,536,-1,528,536,516,-1,533,522,520,-1,533,520,540,-1,540,520,519,-1,540,519,541,-1,541,519,531,-1,541,531,542,-1,542,531,530,-1,542,530,543,-1,543,530,529,-1,543,529,544,-1,544,529,521,-1,544,521,539,-1,504,872,873,-1,457,504,874,-1,874,504,873,-1,874,873,875,-1,875,873,876,-1,875,876,877,-1,877,876,878,-1,877,878,879,-1,879,878,880,-1,879,880,881,-1,881,880,882,-1,881,882,883,-1,883,882,884,-1,883,884,885,-1,885,884,886,-1,887,885,888,-1,888,885,886,-1,889,890,891,-1,891,890,892,-1,891,892,893,-1,893,892,894,-1,893,894,895,-1,895,894,896,-1,895,896,897,-1,897,896,898,-1,897,898,899,-1,899,898,900,-1,899,900,888,-1,888,900,887,-1,901,890,902,-1,902,890,889,-1,903,904,905,-1,905,904,906,-1,905,906,907,-1,907,906,908,-1,907,908,909,-1,909,908,910,-1,909,910,911,-1,911,910,912,-1,911,912,913,-1,913,912,914,-1,913,914,902,-1,902,914,901,-1,915,904,916,-1,916,904,903,-1,503,458,917,-1,918,503,919,-1,919,503,917,-1,919,917,920,-1,920,917,921,-1,920,921,922,-1,922,921,923,-1,922,923,924,-1,924,923,925,-1,924,925,926,-1,926,925,927,-1,926,927,928,-1,928,927,929,-1,928,929,916,-1,916,929,915,-1,503,918,504,-1,504,918,872,-1,462,514,515,-1,462,515,465,-1,465,515,510,-1,465,510,459,-1,459,510,509,-1,459,509,460,-1,460,509,513,-1,460,513,461,-1,461,513,512,-1,461,512,456,-1,456,512,504,-1,456,504,457,-1,458,503,502,-1,458,502,466,-1,466,502,507,-1,466,507,467,-1,467,507,506,-1,467,506,463,-1,463,506,505,-1,463,505,464,-1,464,505,511,-1,464,511,471,-1,471,511,508,-1,471,508,470,-1,490,477,482,-1,490,482,499,-1,499,482,481,-1,499,481,500,-1,500,481,480,-1,500,480,501,-1,501,480,479,-1,501,479,488,-1,488,479,478,-1,488,478,489,-1,489,478,476,-1,489,476,486,-1,474,493,498,-1,474,498,483,-1,483,498,497,-1,483,497,484,-1,484,497,496,-1,484,496,485,-1,485,496,495,-1,485,495,472,-1,472,495,494,-1,472,494,473,-1,473,494,487,-1,473,487,475,-1,616,629,709,-1,709,629,695,-1,676,669,640,-1,640,669,641,-1,725,724,665,-1,665,724,664,-1,616,709,618,-1,618,709,707,-1,618,707,620,-1,620,707,705,-1,620,705,621,-1,621,705,704,-1,621,704,622,-1,622,704,678,-1,622,678,623,-1,623,678,677,-1,623,677,640,-1,640,677,676,-1,641,669,642,-1,642,669,692,-1,642,692,632,-1,632,692,691,-1,632,691,633,-1,633,691,685,-1,633,685,645,-1,645,685,684,-1,645,684,666,-1,666,684,726,-1,666,726,665,-1,665,726,725,-1,609,673,610,-1,610,673,679,-1,610,679,612,-1,612,679,700,-1,612,700,624,-1,624,700,699,-1,624,699,625,-1,625,699,698,-1,625,698,613,-1,613,698,697,-1,613,697,614,-1,614,697,696,-1,614,696,629,-1,629,696,695,-1,664,724,661,-1,661,724,719,-1,661,719,662,-1,662,719,718,-1,662,718,663,-1,663,718,717,-1,663,717,658,-1,658,717,723,-1,658,723,660,-1,660,723,722,-1,660,722,659,-1,659,722,721,-1,659,721,638,-1,638,721,720,-1,930,931,932,-1,932,931,933,-1,934,935,936,-1,936,935,937,-1,936,937,938,-1,938,937,939,-1,939,937,940,-1,939,940,941,-1,941,940,942,-1,941,942,943,-1,944,945,936,-1,936,945,946,-1,936,946,934,-1,943,947,941,-1,941,947,948,-1,941,948,949,-1,950,951,952,-1,952,951,953,-1,954,955,956,-1,956,955,957,-1,956,957,958,-1,958,957,959,-1,959,957,960,-1,959,960,961,-1,961,960,962,-1,961,962,963,-1,963,964,961,-1,961,964,965,-1,961,965,966,-1,967,968,956,-1,956,968,969,-1,956,969,954,-1,960,957,937,-1,937,957,940,-1,703,970,971,-1,971,970,950,-1,970,972,950,-1,950,972,931,-1,950,931,951,-1,951,931,930,-1,951,930,973,-1,973,930,974,-1,973,974,975,-1,975,974,976,-1,975,976,977,-1,977,976,978,-1,977,978,979,-1,979,978,980,-1,979,980,958,-1,958,980,939,-1,958,939,956,-1,956,939,941,-1,655,714,653,-1,653,714,703,-1,653,703,981,-1,981,703,971,-1,952,982,983,-1,983,982,984,-1,983,984,985,-1,985,984,702,-1,985,702,654,-1,654,702,701,-1,654,701,656,-1,961,936,959,-1,959,936,938,-1,959,938,986,-1,986,938,987,-1,986,987,988,-1,988,987,989,-1,988,989,990,-1,990,989,991,-1,990,991,992,-1,992,991,993,-1,992,993,953,-1,953,993,932,-1,953,932,952,-1,952,932,933,-1,952,933,982,-1,673,609,674,-1,674,609,648,-1,674,648,686,-1,686,648,647,-1,686,647,688,-1,688,647,646,-1,688,646,689,-1,689,646,635,-1,689,635,690,-1,690,635,657,-1,690,657,701,-1,701,657,656,-1,638,720,639,-1,639,720,694,-1,639,694,643,-1,643,694,693,-1,643,693,644,-1,644,693,687,-1,644,687,636,-1,636,687,716,-1,636,716,637,-1,637,716,715,-1,637,715,655,-1,655,715,714,-1,960,937,935,-1,960,935,962,-1,962,935,934,-1,962,934,963,-1,963,934,946,-1,963,946,964,-1,964,946,945,-1,964,945,965,-1,965,945,944,-1,965,944,966,-1,966,944,936,-1,966,936,961,-1,940,957,955,-1,940,955,942,-1,942,955,954,-1,942,954,943,-1,943,954,969,-1,943,969,947,-1,947,969,968,-1,947,968,948,-1,948,968,967,-1,948,967,949,-1,949,967,956,-1,949,956,941,-1,703,702,984,-1,703,984,970,-1,970,984,982,-1,970,982,972,-1,972,982,933,-1,972,933,931,-1,958,959,986,-1,958,986,979,-1,979,986,988,-1,979,988,977,-1,977,988,990,-1,977,990,975,-1,975,990,992,-1,975,992,973,-1,973,992,953,-1,973,953,951,-1,930,932,993,-1,930,993,974,-1,974,993,991,-1,974,991,976,-1,976,991,989,-1,976,989,978,-1,978,989,987,-1,978,987,980,-1,980,987,938,-1,980,938,939,-1,950,952,983,-1,950,983,971,-1,971,983,985,-1,971,985,981,-1,981,985,654,-1,981,654,653,-1,994,995,996,-1,997,998,996,-1,996,998,999,-1,996,999,994,-1,1000,1001,1002,-1,997,996,1003,-1,1003,996,1004,-1,1003,1004,1000,-1,1000,1004,1005,-1,1000,1005,1001,-1,1006,1007,1008,-1,1008,1007,1000,-1,1008,1000,1009,-1,1009,1000,1002,-1,1010,1011,1012,-1,1012,1011,1013,-1,1012,1013,1006,-1,1006,1013,1007,-1,1007,1013,1014,-1,1007,1014,1015,-1,1015,1014,1016,-1,1015,1016,1017,-1,1018,1019,1012,-1,1012,1019,1020,-1,1012,1020,1010,-1,1017,1021,1015,-1,1015,1021,1022,-1,1015,1022,1023,-1,1014,1013,1024,-1,1024,1013,1025,-1,1026,1027,1028,-1,1028,1027,1024,-1,1028,1024,1029,-1,1029,1024,1030,-1,1030,1024,1025,-1,1030,1025,1031,-1,1031,1025,1032,-1,1031,1032,1033,-1,1034,1035,1028,-1,1028,1035,1036,-1,1028,1036,1026,-1,1033,1037,1031,-1,1031,1037,1038,-1,1031,1038,1039,-1,1040,1041,1042,-1,1043,1044,1042,-1,1042,1044,1045,-1,1042,1045,1040,-1,1046,1047,1048,-1,1043,1042,1049,-1,1049,1042,1050,-1,1049,1050,1046,-1,1046,1050,1051,-1,1046,1051,1047,-1,1029,1030,1052,-1,1052,1030,1046,-1,1052,1046,1053,-1,1053,1046,1048,-1,1015,1028,1007,-1,1007,1028,1029,-1,1007,1029,1000,-1,1000,1029,1052,-1,1008,1046,1006,-1,1006,1046,1030,-1,1006,1030,1012,-1,1012,1030,1031,-1,1054,1055,1056,-1,1056,1055,1057,-1,1056,1057,1058,-1,1058,1057,1059,-1,1059,1057,1060,-1,1059,1060,1061,-1,1061,1060,1062,-1,1061,1062,1063,-1,1064,1065,1056,-1,1056,1065,1066,-1,1056,1066,1054,-1,1063,1067,1061,-1,1061,1067,1068,-1,1061,1068,1069,-1,1070,1071,1057,-1,1057,1071,1060,-1,1072,1073,1074,-1,1074,1073,1071,-1,1074,1071,1075,-1,1075,1071,1076,-1,1076,1071,1070,-1,1076,1070,1077,-1,1077,1070,1078,-1,1077,1078,1079,-1,1080,1081,1074,-1,1074,1081,1082,-1,1074,1082,1072,-1,1079,1083,1077,-1,1077,1083,1084,-1,1077,1084,1085,-1,1086,1087,1088,-1,1086,1088,1089,-1,1089,1088,1090,-1,1089,1090,1091,-1,1091,1090,1092,-1,1091,1092,1093,-1,1093,1092,1094,-1,1093,1094,1095,-1,1095,1094,1075,-1,1095,1075,1076,-1,1086,1096,1087,-1,1087,1096,1097,-1,1098,1099,1100,-1,1098,1100,1101,-1,1101,1100,1102,-1,1101,1102,1103,-1,1103,1102,1097,-1,1103,1097,1096,-1,1104,1105,1106,-1,1104,1106,1107,-1,1107,1106,1108,-1,1107,1108,1109,-1,1109,1108,1110,-1,1109,1110,1111,-1,1105,1104,1112,-1,1112,1104,1113,-1,1058,1059,1114,-1,1058,1114,1115,-1,1115,1114,1116,-1,1115,1116,1117,-1,1117,1116,1118,-1,1117,1118,1119,-1,1119,1118,1120,-1,1119,1120,1121,-1,1121,1120,1112,-1,1121,1112,1113,-1,1122,1098,1123,-1,1123,1098,1111,-1,1099,1124,1110,-1,1110,1124,1125,-1,1126,1127,1128,-1,1128,1127,1129,-1,1128,1129,1130,-1,1130,1129,1131,-1,1130,1131,1132,-1,1131,1133,1132,-1,1132,1133,1134,-1,1132,1134,1135,-1,1135,1134,1136,-1,1135,1136,1137,-1,1137,1136,1138,-1,1137,1138,1139,-1,1139,1138,1140,-1,1139,1140,713,-1,713,1140,626,-1,713,626,712,-1,712,626,627,-1,1141,1142,1128,-1,1141,1128,1143,-1,1143,1128,1130,-1,1143,1130,1144,-1,713,675,1139,-1,1139,675,845,-1,1139,845,1137,-1,1137,845,847,-1,1137,847,1135,-1,1135,847,842,-1,1135,842,1132,-1,1132,842,841,-1,1132,841,1130,-1,1130,841,1145,-1,1130,1145,1144,-1,1129,1146,1131,-1,1131,1146,1147,-1,1147,1148,1131,-1,1131,1148,1149,-1,1131,1149,840,-1,840,839,1131,-1,1131,839,844,-1,1131,844,1133,-1,1133,844,843,-1,1133,843,1134,-1,1134,843,849,-1,1134,849,1136,-1,1136,849,848,-1,1136,848,1138,-1,1138,848,846,-1,1138,846,1140,-1,1140,846,611,-1,1140,611,626,-1,668,619,775,-1,775,619,774,-1,775,774,777,-1,777,774,772,-1,777,772,779,-1,747,788,748,-1,748,788,785,-1,748,785,764,-1,764,785,783,-1,764,783,766,-1,766,783,781,-1,766,781,768,-1,768,781,779,-1,768,779,770,-1,770,779,772,-1,751,793,794,-1,751,794,752,-1,752,794,795,-1,752,795,758,-1,758,795,791,-1,758,791,757,-1,757,791,790,-1,757,790,755,-1,755,790,789,-1,755,789,756,-1,756,789,788,-1,756,788,747,-1,1150,1151,1152,-1,1152,1151,1153,-1,1152,1153,1154,-1,1154,1153,1155,-1,1154,1155,1156,-1,1156,1155,1157,-1,1156,1157,1158,-1,1158,1157,1159,-1,1158,1159,1160,-1,1160,1159,1161,-1,1160,1161,1162,-1,1162,1161,1163,-1,1162,1163,1164,-1,1164,1163,1165,-1,1164,1165,1166,-1,1164,1166,1167,-1,1167,1166,1168,-1,1167,1168,1169,-1,1169,1168,1170,-1,1169,1170,1171,-1,1171,1170,1172,-1,1171,1172,1173,-1,1173,1172,1174,-1,1173,1174,1175,-1,1175,1174,1176,-1,1175,1176,1177,-1,712,627,711,-1,711,627,628,-1,711,628,710,-1,710,628,630,-1,710,630,708,-1,708,630,631,-1,708,631,706,-1,706,631,615,-1,706,615,667,-1,667,615,617,-1,667,617,668,-1,668,617,619,-1,1151,1150,1178,-1,1178,1150,1179,-1,1178,1179,1180,-1,1180,1179,1181,-1,1180,1181,1182,-1,1182,1181,1183,-1,1182,1183,1184,-1,1184,1183,1185,-1,1184,1185,1186,-1,1186,1185,1187,-1,1186,1187,1126,-1,1126,1187,1127,-1,1188,1189,1190,-1,1190,1189,1191,-1,1190,1191,1192,-1,1192,1191,1193,-1,1192,1193,1194,-1,1194,1193,1195,-1,1194,1195,1146,-1,1146,1195,1142,-1,1146,1142,1147,-1,1147,1142,1141,-1,1147,1141,1148,-1,1148,1141,1143,-1,1148,1143,1149,-1,1149,1143,1144,-1,1149,1144,840,-1,840,1144,1145,-1,840,1145,841,-1,1189,1188,1196,-1,1196,1188,1197,-1,1196,1197,1198,-1,1198,1197,1199,-1,1198,1199,1200,-1,1200,1199,1201,-1,1200,1201,1202,-1,1202,1201,1203,-1,1202,1203,1204,-1,1204,1203,1205,-1,1204,1205,1124,-1,1124,1205,1125,-1,1041,996,1206,-1,1207,1041,1208,-1,1208,1041,1206,-1,1208,1206,1209,-1,1209,1206,1210,-1,1209,1210,1211,-1,1211,1210,1212,-1,1211,1212,1213,-1,1213,1212,1214,-1,1213,1214,1215,-1,1215,1214,1216,-1,1215,1216,1217,-1,1217,1216,1218,-1,1217,1218,1219,-1,1219,1218,1220,-1,1220,1221,1219,-1,1219,1221,1222,-1,1222,1221,1223,-1,1223,1221,1224,-1,1223,1224,1225,-1,1225,1224,1226,-1,1225,1226,1227,-1,1227,1226,1228,-1,1227,1228,1229,-1,1229,1228,1230,-1,1229,1230,1231,-1,1231,1230,1232,-1,1231,1232,1233,-1,1233,1232,1234,-1,1234,1235,1233,-1,1233,1235,1236,-1,1236,1235,1237,-1,1237,1235,1238,-1,1237,1238,1239,-1,1239,1238,1240,-1,1239,1240,1241,-1,1241,1240,1242,-1,1241,1242,1243,-1,1243,1242,1244,-1,1243,1244,1245,-1,1245,1244,1246,-1,1245,1246,1247,-1,1247,1246,1248,-1,1248,1249,1247,-1,1247,1249,1250,-1,1042,1251,1252,-1,995,1042,1253,-1,1253,1042,1252,-1,1253,1252,1254,-1,1254,1252,1255,-1,1254,1255,1256,-1,1256,1255,1257,-1,1256,1257,1258,-1,1258,1257,1259,-1,1258,1259,1260,-1,1260,1259,1261,-1,1260,1261,1262,-1,1262,1261,1263,-1,1262,1263,1249,-1,1249,1263,1250,-1,1251,1042,1207,-1,1207,1042,1041,-1,996,1041,1040,-1,996,1040,1004,-1,1004,1040,1045,-1,1004,1045,1005,-1,1005,1045,1044,-1,1005,1044,1001,-1,1001,1044,1043,-1,1001,1043,1002,-1,1002,1043,1049,-1,1002,1049,1009,-1,1009,1049,1046,-1,1009,1046,1008,-1,1000,1052,1053,-1,1000,1053,1003,-1,1003,1053,1048,-1,1003,1048,997,-1,997,1048,1047,-1,997,1047,998,-1,998,1047,1051,-1,998,1051,999,-1,999,1051,1050,-1,999,1050,994,-1,994,1050,1042,-1,994,1042,995,-1,1025,1013,1011,-1,1025,1011,1032,-1,1032,1011,1010,-1,1032,1010,1033,-1,1033,1010,1020,-1,1033,1020,1037,-1,1037,1020,1019,-1,1037,1019,1038,-1,1038,1019,1018,-1,1038,1018,1039,-1,1039,1018,1012,-1,1039,1012,1031,-1,1014,1024,1027,-1,1014,1027,1016,-1,1016,1027,1026,-1,1016,1026,1017,-1,1017,1026,1036,-1,1017,1036,1021,-1,1021,1036,1035,-1,1021,1035,1022,-1,1022,1035,1034,-1,1022,1034,1023,-1,1023,1034,1028,-1,1023,1028,1015,-1,1264,1265,1266,-1,1267,1268,1269,-1,1264,1266,1269,-1,1269,1266,1267,-1,1267,1266,1270,-1,1267,1270,1271,-1,1271,1270,1272,-1,1271,1272,1273,-1,1273,1272,1274,-1,1273,1274,1275,-1,1275,1274,1276,-1,1275,1276,1277,-1,1277,1276,1278,-1,1277,1278,1279,-1,1280,1281,1282,-1,1283,1284,1285,-1,1286,1287,1288,-1,1283,1285,1289,-1,1289,1285,1290,-1,1289,1290,1291,-1,1291,1290,1292,-1,1291,1292,1293,-1,1293,1292,1294,-1,1293,1294,1295,-1,1295,1294,1286,-1,1295,1286,1282,-1,1282,1286,1288,-1,1282,1288,1280,-1,1296,1297,1298,-1,1298,1297,1299,-1,1298,1299,1300,-1,1300,1299,1301,-1,1300,1301,1302,-1,1302,1301,1303,-1,1302,1303,1304,-1,1304,1303,1305,-1,1304,1305,1306,-1,1306,1305,1307,-1,1306,1307,1308,-1,1308,1307,1309,-1,1308,1309,1310,-1,1310,1309,1311,-1,1310,1311,1312,-1,1312,1311,1313,-1,1312,1313,1314,-1,1314,1313,1315,-1,1314,1315,1316,-1,1316,1315,1317,-1,1318,1319,1320,-1,1320,1319,1321,-1,1320,1321,1322,-1,1322,1321,1323,-1,1322,1323,1324,-1,1324,1323,1325,-1,1324,1325,1326,-1,1326,1325,1327,-1,1326,1327,1328,-1,1328,1327,1329,-1,1328,1329,1330,-1,1330,1329,1331,-1,1330,1331,1332,-1,1332,1331,1333,-1,1332,1333,1334,-1,1334,1333,1335,-1,1334,1335,1336,-1,1336,1335,1337,-1,1336,1337,1338,-1,1338,1337,1339,-1,1340,1341,1342,-1,1340,1342,1343,-1,1343,1342,1344,-1,1343,1344,1345,-1,1345,1344,1346,-1,1345,1346,1347,-1,1347,1346,1348,-1,1347,1348,1349,-1,1349,1348,1350,-1,1349,1350,1351,-1,1351,1350,1338,-1,1351,1338,1339,-1,1352,1353,1354,-1,1352,1354,1355,-1,1355,1354,1356,-1,1355,1356,1357,-1,1357,1356,1358,-1,1357,1358,1359,-1,1359,1358,1360,-1,1359,1360,1361,-1,1361,1360,1362,-1,1361,1362,1363,-1,1363,1362,1297,-1,1363,1297,1296,-1,1364,1365,1366,-1,1366,1365,1367,-1,1366,1367,1368,-1,1368,1367,1369,-1,1369,1367,1370,-1,1369,1370,1371,-1,1371,1370,1372,-1,1371,1372,1373,-1,1374,1375,1366,-1,1366,1375,1376,-1,1366,1376,1364,-1,1373,1377,1371,-1,1371,1377,1378,-1,1371,1378,1379,-1,1368,1369,1380,-1,1368,1380,1381,-1,1381,1380,1382,-1,1381,1382,1383,-1,1383,1382,1384,-1,1383,1384,1385,-1,1385,1384,1386,-1,1385,1386,1387,-1,1387,1386,1388,-1,1387,1388,1389,-1,1390,1389,1391,-1,1391,1389,1388,-1,1390,1391,1392,-1,1390,1392,1393,-1,1393,1392,1394,-1,1393,1394,1395,-1,1395,1394,1396,-1,1395,1396,1397,-1,1398,1399,1400,-1,1398,1400,1401,-1,1401,1400,1402,-1,1401,1402,1403,-1,1403,1402,1404,-1,1403,1404,1405,-1,1406,1407,1404,-1,1404,1407,1405,-1,1407,1406,1408,-1,1407,1408,1409,-1,1409,1408,1410,-1,1409,1410,1411,-1,1411,1410,1412,-1,1411,1412,1413,-1,1413,1412,1414,-1,1413,1414,1415,-1,1415,1414,1416,-1,1415,1416,1417,-1,1418,1419,1420,-1,1420,1419,1421,-1,1420,1421,1416,-1,1416,1421,1417,-1,1417,1421,1422,-1,1417,1422,1423,-1,1423,1422,1424,-1,1423,1424,1425,-1,1425,1426,1423,-1,1423,1426,1427,-1,1423,1427,1428,-1,1429,1430,1420,-1,1420,1430,1431,-1,1420,1431,1418,-1,1422,1421,1367,-1,1367,1421,1370,-1,1432,1433,1397,-1,1397,1433,1398,-1,1434,1396,1435,-1,1435,1396,1399,-1,1399,1396,1400,-1,1400,1396,1394,-1,1400,1394,1402,-1,1402,1394,1392,-1,1402,1392,1404,-1,1404,1392,1391,-1,1404,1391,1406,-1,1406,1391,1388,-1,1406,1388,1408,-1,1408,1388,1386,-1,1408,1386,1410,-1,1410,1386,1384,-1,1410,1384,1412,-1,1412,1384,1382,-1,1412,1382,1414,-1,1414,1382,1380,-1,1414,1380,1416,-1,1416,1380,1369,-1,1416,1369,1420,-1,1420,1369,1371,-1,1423,1366,1417,-1,1417,1366,1368,-1,1417,1368,1415,-1,1415,1368,1381,-1,1415,1381,1413,-1,1413,1381,1383,-1,1413,1383,1411,-1,1411,1383,1385,-1,1411,1385,1409,-1,1409,1385,1387,-1,1409,1387,1407,-1,1407,1387,1389,-1,1407,1389,1405,-1,1405,1389,1390,-1,1405,1390,1403,-1,1403,1390,1393,-1,1403,1393,1401,-1,1401,1393,1395,-1,1401,1395,1398,-1,1398,1395,1397,-1,1099,1110,1100,-1,1100,1110,1108,-1,1100,1108,1102,-1,1102,1108,1106,-1,1102,1106,1097,-1,1097,1106,1105,-1,1097,1105,1087,-1,1087,1105,1112,-1,1087,1112,1088,-1,1088,1112,1120,-1,1088,1120,1090,-1,1090,1120,1118,-1,1090,1118,1092,-1,1092,1118,1116,-1,1092,1116,1094,-1,1094,1116,1114,-1,1094,1114,1075,-1,1075,1114,1059,-1,1075,1059,1074,-1,1074,1059,1061,-1,1077,1056,1076,-1,1076,1056,1058,-1,1076,1058,1095,-1,1095,1058,1115,-1,1095,1115,1093,-1,1093,1115,1117,-1,1093,1117,1091,-1,1091,1117,1119,-1,1091,1119,1089,-1,1089,1119,1121,-1,1089,1121,1086,-1,1086,1121,1113,-1,1086,1113,1096,-1,1096,1113,1104,-1,1096,1104,1103,-1,1103,1104,1107,-1,1103,1107,1101,-1,1101,1107,1109,-1,1101,1109,1098,-1,1098,1109,1111,-1,1056,1077,1085,-1,1056,1085,1064,-1,1064,1085,1084,-1,1064,1084,1065,-1,1065,1084,1083,-1,1065,1083,1066,-1,1066,1083,1079,-1,1066,1079,1054,-1,1054,1079,1078,-1,1054,1078,1055,-1,1055,1078,1070,-1,1055,1070,1057,-1,1074,1061,1069,-1,1074,1069,1080,-1,1080,1069,1068,-1,1080,1068,1081,-1,1081,1068,1067,-1,1081,1067,1082,-1,1082,1067,1063,-1,1082,1063,1072,-1,1072,1063,1062,-1,1072,1062,1073,-1,1073,1062,1060,-1,1073,1060,1071,-1,1422,1367,1365,-1,1422,1365,1424,-1,1424,1365,1364,-1,1424,1364,1425,-1,1425,1364,1376,-1,1425,1376,1426,-1,1426,1376,1375,-1,1426,1375,1427,-1,1427,1375,1374,-1,1427,1374,1428,-1,1428,1374,1366,-1,1428,1366,1423,-1,1370,1421,1419,-1,1370,1419,1372,-1,1372,1419,1418,-1,1372,1418,1373,-1,1373,1418,1431,-1,1373,1431,1377,-1,1377,1431,1430,-1,1377,1430,1378,-1,1378,1430,1429,-1,1378,1429,1379,-1,1379,1429,1420,-1,1379,1420,1371,-1,1436,1437,1438,-1,1436,1438,1439,-1,1439,1438,1440,-1,1439,1440,1441,-1,1441,1440,1442,-1,1441,1442,1443,-1,1443,1442,1444,-1,1443,1444,1445,-1,1445,1444,1446,-1,1445,1446,1447,-1,1447,1446,1448,-1,1447,1448,1449,-1,1450,1451,1452,-1,1452,1451,1453,-1,1452,1453,1454,-1,1454,1453,1455,-1,1454,1455,1456,-1,1456,1455,1457,-1,1456,1457,1458,-1,1458,1457,1459,-1,1458,1459,1460,-1,1460,1459,1461,-1,1460,1461,1462,-1,1462,1461,1463,-1,1464,1462,1465,-1,1465,1462,1466,-1,1462,1463,1466,-1,1466,1463,1467,-1,1466,1467,1468,-1,1469,1470,1471,-1,1471,1470,1472,-1,1471,1472,1465,-1,1465,1472,1473,-1,1465,1473,1464,-1,1468,1474,1475,-1,1475,1476,1468,-1,1468,1476,1477,-1,1468,1477,1466,-1,1465,1466,1478,-1,1478,1466,1479,-1,1437,1436,1480,-1,1480,1436,1481,-1,1482,1483,1484,-1,1481,1485,1478,-1,1478,1485,1486,-1,1478,1486,1487,-1,1487,1486,1488,-1,1487,1488,1489,-1,1482,1484,1490,-1,1481,1478,1480,-1,1480,1478,1479,-1,1480,1479,1484,-1,1484,1479,1491,-1,1484,1491,1490,-1,1464,1481,1462,-1,1462,1481,1436,-1,1462,1436,1460,-1,1460,1436,1439,-1,1460,1439,1458,-1,1458,1439,1441,-1,1458,1441,1456,-1,1456,1441,1443,-1,1456,1443,1454,-1,1454,1443,1445,-1,1454,1445,1452,-1,1452,1445,1447,-1,1452,1447,1450,-1,1450,1447,1449,-1,1450,1449,1492,-1,1492,1449,1493,-1,1494,1495,1496,-1,1496,1495,1497,-1,1496,1497,1498,-1,1498,1497,1499,-1,1498,1499,1500,-1,1500,1499,1501,-1,1500,1501,1502,-1,1502,1501,1503,-1,1502,1503,1504,-1,1504,1503,1505,-1,1504,1505,1506,-1,1506,1505,1507,-1,1506,1507,1508,-1,1508,1507,1509,-1,1508,1509,1451,-1,1451,1509,1448,-1,1451,1448,1453,-1,1453,1448,1446,-1,1453,1446,1455,-1,1455,1446,1444,-1,1455,1444,1457,-1,1457,1444,1442,-1,1457,1442,1459,-1,1459,1442,1440,-1,1459,1440,1461,-1,1461,1440,1438,-1,1461,1438,1463,-1,1463,1438,1437,-1,1463,1437,1467,-1,1467,1437,1480,-1,1510,1509,1507,-1,1510,1507,1511,-1,1511,1507,1505,-1,1511,1505,1512,-1,1512,1505,1503,-1,1512,1503,1513,-1,1513,1503,1501,-1,1513,1501,1514,-1,1514,1501,1499,-1,1514,1499,1515,-1,1515,1499,1497,-1,1515,1497,1516,-1,1517,1516,1518,-1,1518,1516,1519,-1,1516,1497,1519,-1,1519,1497,1495,-1,1519,1495,1520,-1,1520,1495,1521,-1,1522,1523,1495,-1,1495,1523,1524,-1,1495,1524,1521,-1,1525,1526,1527,-1,1527,1526,1528,-1,1527,1528,1518,-1,1518,1528,1529,-1,1518,1529,1517,-1,1530,1531,1519,-1,1519,1531,1518,-1,1496,1532,1530,-1,1530,1532,1533,-1,1530,1533,1531,-1,1496,1530,1494,-1,1494,1530,1534,-1,1494,1534,1535,-1,1535,1536,1494,-1,1494,1536,1537,-1,1494,1537,1538,-1,1533,1539,1531,-1,1531,1539,1540,-1,1531,1540,1541,-1,1541,1540,1542,-1,1541,1542,1543,-1,1532,1496,1544,-1,1544,1496,1498,-1,1544,1498,1545,-1,1545,1498,1500,-1,1545,1500,1546,-1,1546,1500,1502,-1,1546,1502,1547,-1,1547,1502,1504,-1,1547,1504,1548,-1,1548,1504,1506,-1,1548,1506,1549,-1,1549,1506,1508,-1,1550,1551,1549,-1,1549,1551,1510,-1,1549,1510,1548,-1,1548,1510,1511,-1,1548,1511,1547,-1,1547,1511,1512,-1,1547,1512,1546,-1,1546,1512,1513,-1,1546,1513,1545,-1,1545,1513,1514,-1,1545,1514,1544,-1,1544,1514,1515,-1,1544,1515,1532,-1,1532,1515,1516,-1,1532,1516,1533,-1,1533,1516,1517,-1,1552,1553,1554,-1,1554,1553,1555,-1,1556,1557,1558,-1,1558,1557,1559,-1,1122,1123,1560,-1,1560,1123,1561,-1,1560,1561,1562,-1,1562,1561,1563,-1,1562,1563,1564,-1,1564,1563,1565,-1,1564,1565,1566,-1,1566,1565,1567,-1,1566,1567,1568,-1,1568,1567,1569,-1,1568,1569,1558,-1,1558,1569,1556,-1,1559,1557,1570,-1,1570,1557,1571,-1,1570,1571,1572,-1,1572,1571,1573,-1,1572,1573,1574,-1,1574,1573,1575,-1,1574,1575,1576,-1,1576,1575,1577,-1,1576,1577,1578,-1,1578,1577,1579,-1,1578,1579,1435,-1,1435,1579,1434,-1,1495,1494,1538,-1,1495,1538,1522,-1,1522,1538,1537,-1,1522,1537,1523,-1,1523,1537,1536,-1,1523,1536,1524,-1,1524,1536,1535,-1,1524,1535,1521,-1,1521,1535,1534,-1,1521,1534,1520,-1,1520,1534,1530,-1,1520,1530,1519,-1,1533,1517,1529,-1,1533,1529,1539,-1,1539,1529,1528,-1,1539,1528,1540,-1,1540,1528,1526,-1,1540,1526,1542,-1,1542,1526,1525,-1,1542,1525,1543,-1,1543,1525,1527,-1,1543,1527,1541,-1,1541,1527,1518,-1,1541,1518,1531,-1,1481,1464,1473,-1,1481,1473,1485,-1,1485,1473,1472,-1,1485,1472,1486,-1,1486,1472,1470,-1,1486,1470,1488,-1,1488,1470,1469,-1,1488,1469,1489,-1,1489,1469,1471,-1,1489,1471,1487,-1,1487,1471,1465,-1,1487,1465,1478,-1,1467,1480,1484,-1,1467,1484,1468,-1,1468,1484,1483,-1,1468,1483,1474,-1,1474,1483,1482,-1,1474,1482,1475,-1,1475,1482,1490,-1,1475,1490,1476,-1,1476,1490,1491,-1,1476,1491,1477,-1,1477,1491,1479,-1,1477,1479,1466,-1,1552,1554,1580,-1,1580,1554,1581,-1,1580,1581,1582,-1,1582,1581,1583,-1,1582,1583,1584,-1,1584,1583,1585,-1,1584,1585,1586,-1,1586,1585,1587,-1,1586,1587,1588,-1,1588,1587,1589,-1,1588,1589,585,-1,585,1589,584,-1,1590,1591,1592,-1,1592,1591,1593,-1,1592,1593,1594,-1,1594,1593,1595,-1,1594,1595,1596,-1,1596,1595,1597,-1,1596,1597,1598,-1,1598,1597,1599,-1,1598,1599,1600,-1,1600,1599,1601,-1,1600,1601,1553,-1,1553,1601,1555,-1,
        ]
    }
}